<?xml version="1.0" encoding="utf-8"?><gpx creator="Garmin Desktop App" version="1.1" xsi:schemaLocation="http://www.topografix.com/GPX/1/1 http://www.topografix.com/GPX/1/1/gpx.xsd http://www.garmin.com/xmlschemas/WaypointExtension/v1 http://www8.garmin.com/xmlschemas/WaypointExtensionv1.xsd http://www.garmin.com/xmlschemas/TrackPointExtension/v1 http://www.garmin.com/xmlschemas/TrackPointExtensionv1.xsd http://www.garmin.com/xmlschemas/GpxExtensions/v3 http://www8.garmin.com/xmlschemas/GpxExtensionsv3.xsd http://www.garmin.com/xmlschemas/ActivityExtension/v1 http://www8.garmin.com/xmlschemas/ActivityExtensionv1.xsd http://www.garmin.com/xmlschemas/AdventuresExtensions/v1 http://www8.garmin.com/xmlschemas/AdventuresExtensionv1.xsd http://www.garmin.com/xmlschemas/PressureExtension/v1 http://www.garmin.com/xmlschemas/PressureExtensionv1.xsd http://www.garmin.com/xmlschemas/TripExtensions/v1 http://www.garmin.com/xmlschemas/TripExtensionsv1.xsd http://www.garmin.com/xmlschemas/TripMetaDataExtensions/v1 http://www.garmin.com/xmlschemas/TripMetaDataExtensionsv1.xsd http://www.garmin.com/xmlschemas/ViaPointTransportationModeExtensions/v1 http://www.garmin.com/xmlschemas/ViaPointTransportationModeExtensionsv1.xsd http://www.garmin.com/xmlschemas/CreationTimeExtension/v1 http://www.garmin.com/xmlschemas/CreationTimeExtensionsv1.xsd http://www.garmin.com/xmlschemas/AccelerationExtension/v1 http://www.garmin.com/xmlschemas/AccelerationExtensionv1.xsd http://www.garmin.com/xmlschemas/PowerExtension/v1 http://www.garmin.com/xmlschemas/PowerExtensionv1.xsd http://www.garmin.com/xmlschemas/VideoExtension/v1 http://www.garmin.com/xmlschemas/VideoExtensionv1.xsd" xmlns="http://www.topografix.com/GPX/1/1" xmlns:xsi="http://www.w3.org/2001/XMLSchema-instance" xmlns:wptx1="http://www.garmin.com/xmlschemas/WaypointExtension/v1" xmlns:gpxtrx="http://www.garmin.com/xmlschemas/GpxExtensions/v3" xmlns:gpxtpx="http://www.garmin.com/xmlschemas/TrackPointExtension/v1" xmlns:gpxx="http://www.garmin.com/xmlschemas/GpxExtensions/v3" xmlns:trp="http://www.garmin.com/xmlschemas/TripExtensions/v1" xmlns:adv="http://www.garmin.com/xmlschemas/AdventuresExtensions/v1" xmlns:prs="http://www.garmin.com/xmlschemas/PressureExtension/v1" xmlns:tmd="http://www.garmin.com/xmlschemas/TripMetaDataExtensions/v1" xmlns:vptm="http://www.garmin.com/xmlschemas/ViaPointTransportationModeExtensions/v1" xmlns:ctx="http://www.garmin.com/xmlschemas/CreationTimeExtension/v1" xmlns:gpxacc="http://www.garmin.com/xmlschemas/AccelerationExtension/v1" xmlns:gpxpx="http://www.garmin.com/xmlschemas/PowerExtension/v1" xmlns:vidx1="http://www.garmin.com/xmlschemas/VideoExtension/v1">

  <metadata>
    <link href="http://www.garmin.com">
      <text>Garmin International</text>
    </link>
    <time>2026-09-30T17:50:30Z</time>
    <bounds maxlat="42.793636322021484" maxlon="24.664349555969238" minlat="42.700657127425075" minlon="24.231282183900476" />
  </metadata>

  <trk>
    <name>1103 - Ден 1: село Антон - хижа Планински извори - връх Картала - хижа Момина поляна - хижа Иванина поляна&lt;br&gt;&lt;br&gt;Ден 2: хижа Иванина поляна - хижа Момина поляна - хижа Планински извори - връх Баба - връх Булуваня - връх Братаница - връх Пъпа - връх Вежен - хижа Вежен&lt;br&gt;&lt;br&gt;Ден 3: хижа Вежен - връх Вежен - връх Каменица - връх Юмрука - хижа Ехо - хижа Козя стена&lt;br&gt;&lt;br&gt;Ден 4: хижа Козя стена - връх Козя стена - Беклемето - Арка на Свободата - заслон Орлово гнездо - заслон Пешова мъка - село Кърнаре</name>
    <extensions>
      <gpxx:TrackExtension>
        <gpxx:DisplayColor>DarkGray</gpxx:DisplayColor>
      </gpxx:TrackExtension>
    </extensions>
    <trkseg>
      <trkpt lat="42.733790874481201" lon="24.254829883575439">
        <ele>828.53515625</ele>
      </trkpt>
      <trkpt lat="42.733769416809082" lon="24.254765510559082">
        <ele>828.20703125</ele>
      </trkpt>
      <trkpt lat="42.734112739562988" lon="24.254786968231201">
        <ele>832.328125</ele>
      </trkpt>
      <trkpt lat="42.73456335067749" lon="24.254443645477295">
        <ele>838.27734375</ele>
      </trkpt>
      <trkpt lat="42.73507833480835" lon="24.254100322723389">
        <ele>846.19140625</ele>
      </trkpt>
      <trkpt lat="42.735335826873779" lon="24.253928661346436">
        <ele>850.1484375</ele>
      </trkpt>
      <trkpt lat="42.735872268676758" lon="24.253585338592529">
        <ele>856.2890625</ele>
      </trkpt>
      <trkpt lat="42.735979557037354" lon="24.253413677215576">
        <ele>857.34375</ele>
      </trkpt>
      <trkpt lat="42.73606538772583" lon="24.253456592559814">
        <ele>858.00390625</ele>
      </trkpt>
      <trkpt lat="42.736430168151855" lon="24.253263473510742">
        <ele>860.8046875</ele>
      </trkpt>
      <trkpt lat="42.736451625823975" lon="24.253113269805908">
        <ele>860.97265625</ele>
      </trkpt>
      <trkpt lat="42.736494541168213" lon="24.253048896789551">
        <ele>861.34375</ele>
      </trkpt>
      <trkpt lat="42.73655891418457" lon="24.253027439117432">
        <ele>861.8671875</ele>
      </trkpt>
      <trkpt lat="42.736773490905762" lon="24.252984523773193">
        <ele>863.7109375</ele>
      </trkpt>
      <trkpt lat="42.737030982971191" lon="24.252877235412598">
        <ele>867.671875</ele>
      </trkpt>
      <trkpt lat="42.737245559692383" lon="24.252941608428955">
        <ele>870.96875</ele>
      </trkpt>
      <trkpt lat="42.737352848052979" lon="24.252963066101074">
        <ele>872.6171875</ele>
      </trkpt>
      <trkpt lat="42.737555857747793" lon="24.252947475761175">
        <ele>875.7421875</ele>
      </trkpt>
      <trkpt lat="42.737631797790527" lon="24.252941608428955">
        <ele>876.90625</ele>
      </trkpt>
      <trkpt lat="42.737953662872314" lon="24.25307035446167">
        <ele>882.9921875</ele>
      </trkpt>
      <trkpt lat="42.738296985626221" lon="24.25307035446167">
        <ele>889.59375</ele>
      </trkpt>
      <trkpt lat="42.738511562347412" lon="24.253156185150146">
        <ele>893.99609375</ele>
      </trkpt>
      <trkpt lat="42.738940715789795" lon="24.253220558166504">
        <ele>901.4609375</ele>
      </trkpt>
      <trkpt lat="42.739219665527344" lon="24.253199100494385">
        <ele>906.15234375</ele>
      </trkpt>
      <trkpt lat="42.739520072937012" lon="24.253177642822266">
        <ele>910.82421875</ele>
      </trkpt>
      <trkpt lat="42.739605903625488" lon="24.253156185150146">
        <ele>912.4375</ele>
      </trkpt>
      <trkpt lat="42.739713191986084" lon="24.253134727478027">
        <ele>914.56640625</ele>
      </trkpt>
      <trkpt lat="42.739777565002441" lon="24.253134727478027">
        <ele>915.80859375</ele>
      </trkpt>
      <trkpt lat="42.739884853363037" lon="24.253220558166504">
        <ele>917.421875</ele>
      </trkpt>
      <trkpt lat="42.740120887756348" lon="24.253263473510742">
        <ele>922.19921875</ele>
      </trkpt>
      <trkpt lat="42.740399837493896" lon="24.253392219543457">
        <ele>926.8671875</ele>
      </trkpt>
      <trkpt lat="42.74057149887085" lon="24.253413677215576">
        <ele>930.82421875</ele>
      </trkpt>
      <trkpt lat="42.740678787231445" lon="24.253370761871338">
        <ele>933.30078125</ele>
      </trkpt>
      <trkpt lat="42.740743160247803" lon="24.25330638885498">
        <ele>934.78125</ele>
      </trkpt>
      <trkpt lat="42.74080753326416" lon="24.253177642822266">
        <ele>936.53125</ele>
      </trkpt>
      <trkpt lat="42.741150856018066" lon="24.253005981445313">
        <ele>944.18359375</ele>
      </trkpt>
      <trkpt lat="42.741279602050781" lon="24.253005981445313">
        <ele>947.13671875</ele>
      </trkpt>
      <trkpt lat="42.741515636444092" lon="24.253220558166504">
        <ele>950.80859375</ele>
      </trkpt>
      <trkpt lat="42.74155855178833" lon="24.253284931182861">
        <ele>951.44921875</ele>
      </trkpt>
      <trkpt lat="42.741644382476807" lon="24.253671169281006">
        <ele>953.13671875</ele>
      </trkpt>
      <trkpt lat="42.741644382476807" lon="24.253842830657959">
        <ele>952.6796875</ele>
      </trkpt>
      <trkpt lat="42.741644382476807" lon="24.253885746002197">
        <ele>952.45703125</ele>
      </trkpt>
      <trkpt lat="42.741901874542236" lon="24.254293441772461">
        <ele>957.66796875</ele>
      </trkpt>
      <trkpt lat="42.741944789886475" lon="24.254486560821533">
        <ele>957.46875</ele>
      </trkpt>
      <trkpt lat="42.741923332214355" lon="24.254615306854248">
        <ele>955.984375</ele>
      </trkpt>
      <trkpt lat="42.741923332214355" lon="24.254786968231201">
        <ele>956.21875</ele>
      </trkpt>
      <trkpt lat="42.741901874542236" lon="24.254937171936035">
        <ele>956.34375</ele>
      </trkpt>
      <trkpt lat="42.741923332214355" lon="24.25506591796875">
        <ele>957.97265625</ele>
      </trkpt>
      <trkpt lat="42.741987705230713" lon="24.255130290985107">
        <ele>960.4453125</ele>
      </trkpt>
      <trkpt lat="42.742030620574951" lon="24.255001544952393">
        <ele>960.8046875</ele>
      </trkpt>
      <trkpt lat="42.742094993591309" lon="24.254894256591797">
        <ele>962.04296875</ele>
      </trkpt>
      <trkpt lat="42.742137908935547" lon="24.254851341247559">
        <ele>963.23828125</ele>
      </trkpt>
      <trkpt lat="42.742180824279785" lon="24.255023002624512">
        <ele>965.92578125</ele>
      </trkpt>
      <trkpt lat="42.742245197296143" lon="24.255023002624512">
        <ele>968.046875</ele>
      </trkpt>
      <trkpt lat="42.7423095703125" lon="24.255087375640869">
        <ele>971.2578125</ele>
      </trkpt>
      <trkpt lat="42.742416858673096" lon="24.255237579345703">
        <ele>977.69140625</ele>
      </trkpt>
      <trkpt lat="42.742459774017334" lon="24.255280494689941">
        <ele>980</ele>
      </trkpt>
      <trkpt lat="42.742588520050049" lon="24.255259037017822">
        <ele>984.4609375</ele>
      </trkpt>
      <trkpt lat="42.742609977722168" lon="24.25532341003418">
        <ele>986.109375</ele>
      </trkpt>
      <trkpt lat="42.742695808410645" lon="24.255366325378418">
        <ele>989.41015625</ele>
      </trkpt>
      <trkpt lat="42.742760181427002" lon="24.255409240722656">
        <ele>992.046875</ele>
      </trkpt>
      <trkpt lat="42.742846012115479" lon="24.255430698394775">
        <ele>995.015625</ele>
      </trkpt>
      <trkpt lat="42.742888927459717" lon="24.255495071411133">
        <ele>997.328125</ele>
      </trkpt>
      <trkpt lat="42.742974758148193" lon="24.255623817443848">
        <ele>1002.38671875</ele>
      </trkpt>
      <trkpt lat="42.743082046508789" lon="24.255774021148682">
        <ele>1009.34765625</ele>
      </trkpt>
      <trkpt lat="42.743253707885742" lon="24.255859851837158">
        <ele>1015.99609375</ele>
      </trkpt>
      <trkpt lat="42.743339538574219" lon="24.255924224853516">
        <ele>1019.43359375</ele>
      </trkpt>
      <trkpt lat="42.743360996246338" lon="24.256031513214111">
        <ele>1021.6953125</ele>
      </trkpt>
      <trkpt lat="42.743403911590576" lon="24.25607442855835">
        <ele>1023.4765625</ele>
      </trkpt>
      <trkpt lat="42.743468284606934" lon="24.25605297088623">
        <ele>1025.234375</ele>
      </trkpt>
      <trkpt lat="42.743489742279053" lon="24.256095886230469">
        <ele>1026.328125</ele>
      </trkpt>
      <trkpt lat="42.743532657623291" lon="24.256246089935303">
        <ele>1029.12890625</ele>
      </trkpt>
      <trkpt lat="42.743597030639648" lon="24.256439208984375">
        <ele>1033.36328125</ele>
      </trkpt>
      <trkpt lat="42.743725776672363" lon="24.256782531738281">
        <ele>1039.078125</ele>
      </trkpt>
      <trkpt lat="42.743768692016602" lon="24.256889820098877">
        <ele>1040.0390625</ele>
      </trkpt>
      <trkpt lat="42.743833065032959" lon="24.256975650787354">
        <ele>1041.8515625</ele>
      </trkpt>
      <trkpt lat="42.744004726409912" lon="24.25731897354126">
        <ele>1044.99609375</ele>
      </trkpt>
      <trkpt lat="42.744176387786865" lon="24.257469177246094">
        <ele>1050.80859375</ele>
      </trkpt>
      <trkpt lat="42.744412422180176" lon="24.257640838623047">
        <ele>1060.37109375</ele>
      </trkpt>
      <trkpt lat="42.744519710540771" lon="24.257726669311523">
        <ele>1064.7734375</ele>
      </trkpt>
      <trkpt lat="42.744519710540771" lon="24.257791042327881">
        <ele>1064.7734375</ele>
      </trkpt>
      <trkpt lat="42.744476795196533" lon="24.257919788360596">
        <ele>1062.73046875</ele>
      </trkpt>
      <trkpt lat="42.744369506835938" lon="24.258241653442383">
        <ele>1058.703125</ele>
      </trkpt>
      <trkpt lat="42.744369506835938" lon="24.258348941802979">
        <ele>1059.9609375</ele>
      </trkpt>
      <trkpt lat="42.744455337524414" lon="24.258391857147217">
        <ele>1065.23828125</ele>
      </trkpt>
      <trkpt lat="42.74456262588501" lon="24.258370399475098">
        <ele>1070.6796875</ele>
      </trkpt>
      <trkpt lat="42.744712829589844" lon="24.258198738098145">
        <ele>1076.7109375</ele>
      </trkpt>
      <trkpt lat="42.744777202606201" lon="24.258198738098145">
        <ele>1080.171875</ele>
      </trkpt>
      <trkpt lat="42.744820117950439" lon="24.258263111114502">
        <ele>1082.9765625</ele>
      </trkpt>
      <trkpt lat="42.744905948638916" lon="24.25856351852417">
        <ele>1092.1328125</ele>
      </trkpt>
      <trkpt lat="42.744905948638916" lon="24.258842468261719">
        <ele>1096.74609375</ele>
      </trkpt>
      <trkpt lat="42.744927406311035" lon="24.259121417999268">
        <ele>1101.859375</ele>
      </trkpt>
      <trkpt lat="42.744970321655273" lon="24.259271621704102">
        <ele>1105.81640625</ele>
      </trkpt>
      <trkpt lat="42.745013236999512" lon="24.259335994720459">
        <ele>1108.45703125</ele>
      </trkpt>
      <trkpt lat="42.74505615234375" lon="24.259293079376221">
        <ele>1109.4453125</ele>
      </trkpt>
      <trkpt lat="42.74531364440918" lon="24.258971214294434">
        <ele>1114.390625</ele>
      </trkpt>
      <trkpt lat="42.745420932769775" lon="24.258756637573242">
        <ele>1115.78515625</ele>
      </trkpt>
      <trkpt lat="42.745571136474609" lon="24.25856351852417">
        <ele>1120.07421875</ele>
      </trkpt>
      <trkpt lat="42.745635509490967" lon="24.25856351852417">
        <ele>1122.546875</ele>
      </trkpt>
      <trkpt lat="42.745721340179443" lon="24.258627891540527">
        <ele>1126.33984375</ele>
      </trkpt>
      <trkpt lat="42.745850086212158" lon="24.2588210105896">
        <ele>1132.76953125</ele>
      </trkpt>
      <trkpt lat="42.745935916900635" lon="24.258971214294434">
        <ele>1138.58203125</ele>
      </trkpt>
      <trkpt lat="42.745957374572754" lon="24.259185791015625">
        <ele>1142.87109375</ele>
      </trkpt>
      <trkpt lat="42.746107578277588" lon="24.259400367736816">
        <ele>1152.984375</ele>
      </trkpt>
      <trkpt lat="42.746193408966064" lon="24.259293079376221">
        <ele>1155.40625</ele>
      </trkpt>
      <trkpt lat="42.74630069732666" lon="24.259250164031982">
        <ele>1159.69140625</ele>
      </trkpt>
      <trkpt lat="42.746708393096924" lon="24.258928298950195">
        <ele>1173.54296875</ele>
      </trkpt>
      <trkpt lat="42.74754524230957" lon="24.258112907409668">
        <ele>1201.00390625</ele>
      </trkpt>
      <trkpt lat="42.748274803161621" lon="24.257683753967285">
        <ele>1228.5546875</ele>
      </trkpt>
      <trkpt lat="42.748339176177979" lon="24.25755500793457">
        <ele>1232.1640625</ele>
      </trkpt>
      <trkpt lat="42.748274803161621" lon="24.257447719573975">
        <ele>1231.17578125</ele>
      </trkpt>
      <trkpt lat="42.748274803161621" lon="24.257340431213379">
        <ele>1232.453125</ele>
      </trkpt>
      <trkpt lat="42.748253345489502" lon="24.257211685180664">
        <ele>1233.1953125</ele>
      </trkpt>
      <trkpt lat="42.748231887817383" lon="24.257147312164307">
        <ele>1233.03515625</ele>
      </trkpt>
      <trkpt lat="42.748253345489502" lon="24.256997108459473">
        <ele>1235.015625</ele>
      </trkpt>
      <trkpt lat="42.748274803161621" lon="24.256868362426758">
        <ele>1236.60546875</ele>
      </trkpt>
      <trkpt lat="42.748510837554932" lon="24.256589412689209">
        <ele>1241.58203125</ele>
      </trkpt>
      <trkpt lat="42.748854160308838" lon="24.25656795501709">
        <ele>1248.00390625</ele>
      </trkpt>
      <trkpt lat="42.74904727935791" lon="24.256632328033447">
        <ele>1252.2421875</ele>
      </trkpt>
      <trkpt lat="42.749154567718506" lon="24.256632328033447">
        <ele>1254.6484375</ele>
      </trkpt>
      <trkpt lat="42.749326229095459" lon="24.256610870361328">
        <ele>1257.828125</ele>
      </trkpt>
      <trkpt lat="42.749476432800293" lon="24.256610870361328">
        <ele>1260.1328125</ele>
      </trkpt>
      <trkpt lat="42.749605178833008" lon="24.256589412689209">
        <ele>1262.75390625</ele>
      </trkpt>
      <trkpt lat="42.749691009521484" lon="24.256632328033447">
        <ele>1264.8359375</ele>
      </trkpt>
      <trkpt lat="42.749776840209961" lon="24.256589412689209">
        <ele>1266.80859375</ele>
      </trkpt>
      <trkpt lat="42.749819755554199" lon="24.256525039672852">
        <ele>1267.8046875</ele>
      </trkpt>
      <trkpt lat="42.749969959259033" lon="24.256503582000732">
        <ele>1271.265625</ele>
      </trkpt>
      <trkpt lat="42.749969959259033" lon="24.256396293640137">
        <ele>1271.265625</ele>
      </trkpt>
      <trkpt lat="42.750098705291748" lon="24.256246089935303">
        <ele>1273.65234375</ele>
      </trkpt>
      <trkpt lat="42.750141620635986" lon="24.256267547607422">
        <ele>1275.18359375</ele>
      </trkpt>
      <trkpt lat="42.750248908996582" lon="24.256439208984375">
        <ele>1278.5703125</ele>
      </trkpt>
      <trkpt lat="42.75029182434082" lon="24.256417751312256">
        <ele>1279.8984375</ele>
      </trkpt>
      <trkpt lat="42.750399112701416" lon="24.256353378295898">
        <ele>1283.1640625</ele>
      </trkpt>
      <trkpt lat="42.750484943389893" lon="24.256482124328613">
        <ele>1284.71875</ele>
      </trkpt>
      <trkpt lat="42.75054931640625" lon="24.256503582000732">
        <ele>1286.42578125</ele>
      </trkpt>
      <trkpt lat="42.75054931640625" lon="24.256439208984375">
        <ele>1286.55078125</ele>
      </trkpt>
      <trkpt lat="42.750570774078369" lon="24.256289005279541">
        <ele>1287.1015625</ele>
      </trkpt>
      <trkpt lat="42.750656604766846" lon="24.256160259246826">
        <ele>1289.14453125</ele>
      </trkpt>
      <trkpt lat="42.750720977783203" lon="24.25607442855835">
        <ele>1290.93359375</ele>
      </trkpt>
      <trkpt lat="42.750828266143799" lon="24.255967140197754">
        <ele>1293.3515625</ele>
      </trkpt>
      <trkpt lat="42.750978469848633" lon="24.255838394165039">
        <ele>1297.14453125</ele>
      </trkpt>
      <trkpt lat="42.751150131225586" lon="24.255731105804443">
        <ele>1300.8984375</ele>
      </trkpt>
      <trkpt lat="42.751193046569824" lon="24.255709648132324">
        <ele>1301.72265625</ele>
      </trkpt>
      <trkpt lat="42.75130033493042" lon="24.255709648132324">
        <ele>1305.01953125</ele>
      </trkpt>
      <trkpt lat="42.751257419586182" lon="24.25581693649292">
        <ele>1305.55859375</ele>
      </trkpt>
      <trkpt lat="42.751235961914063" lon="24.255945682525635">
        <ele>1305.88671875</ele>
      </trkpt>
      <trkpt lat="42.751257419586182" lon="24.256031513214111">
        <ele>1307.20703125</ele>
      </trkpt>
      <trkpt lat="42.75130033493042" lon="24.256117343902588">
        <ele>1308.83984375</ele>
      </trkpt>
      <trkpt lat="42.751321792602539" lon="24.256160259246826">
        <ele>1309.59375</ele>
      </trkpt>
      <trkpt lat="42.751386165618896" lon="24.256224632263184">
        <ele>1311.7109375</ele>
      </trkpt>
      <trkpt lat="42.75155782699585" lon="24.256181716918945">
        <ele>1317.26953125</ele>
      </trkpt>
      <trkpt lat="42.751665115356445" lon="24.25631046295166">
        <ele>1321.98828125</ele>
      </trkpt>
      <trkpt lat="42.751708030700684" lon="24.25631046295166">
        <ele>1323.61328125</ele>
      </trkpt>
      <trkpt lat="42.751734601333737" lon="24.256350360810757">
        <ele>1324.796875</ele>
      </trkpt>
      <trkpt lat="42.751815319061279" lon="24.25656795501709">
        <ele>1327.8359375</ele>
      </trkpt>
      <trkpt lat="42.751922607421875" lon="24.256653785705566">
        <ele>1331.61328125</ele>
      </trkpt>
      <trkpt lat="42.752008438110352" lon="24.256761074066162">
        <ele>1334.18359375</ele>
      </trkpt>
      <trkpt lat="42.75205135345459" lon="24.256846904754639">
        <ele>1334.83984375</ele>
      </trkpt>
      <trkpt lat="42.752137184143066" lon="24.256911277770996">
        <ele>1336.88671875</ele>
      </trkpt>
      <trkpt lat="42.752244472503662" lon="24.256997108459473">
        <ele>1339.5</ele>
      </trkpt>
      <trkpt lat="42.752330303192139" lon="24.257018566131592">
        <ele>1342.796875</ele>
      </trkpt>
      <trkpt lat="42.752351760864258" lon="24.256889820098877">
        <ele>1344.77734375</ele>
      </trkpt>
      <trkpt lat="42.752351760864258" lon="24.256739616394043">
        <ele>1345.65625</ele>
      </trkpt>
      <trkpt lat="42.752330303192139" lon="24.256589412689209">
        <ele>1345.56640625</ele>
      </trkpt>
      <trkpt lat="42.752394676208496" lon="24.256396293640137">
        <ele>1347.4140625</ele>
      </trkpt>
      <trkpt lat="42.752480506896973" lon="24.256289005279541">
        <ele>1349.3359375</ele>
      </trkpt>
      <trkpt lat="42.752630710601807" lon="24.256224632263184">
        <ele>1353.94140625</ele>
      </trkpt>
      <trkpt lat="42.752716541290283" lon="24.256181716918945">
        <ele>1356.8125</ele>
      </trkpt>
      <trkpt lat="42.75280237197876" lon="24.25607442855835">
        <ele>1359.05078125</ele>
      </trkpt>
      <trkpt lat="42.752909660339355" lon="24.255945682525635">
        <ele>1360.47265625</ele>
      </trkpt>
      <trkpt lat="42.752995491027832" lon="24.255838394165039">
        <ele>1361.296875</ele>
      </trkpt>
      <trkpt lat="42.753102779388428" lon="24.255752563476563">
        <ele>1363.4375</ele>
      </trkpt>
      <trkpt lat="42.753167152404785" lon="24.255752563476563">
        <ele>1365.9140625</ele>
      </trkpt>
      <trkpt lat="42.753274440765381" lon="24.255838394165039">
        <ele>1371.74609375</ele>
      </trkpt>
      <trkpt lat="42.753403186798096" lon="24.255838394165039">
        <ele>1376.42578125</ele>
      </trkpt>
      <trkpt lat="42.753531932830811" lon="24.255795478820801">
        <ele>1379.7265625</ele>
      </trkpt>
      <trkpt lat="42.753639221191406" lon="24.255795478820801">
        <ele>1383.0234375</ele>
      </trkpt>
      <trkpt lat="42.753767967224121" lon="24.255731105804443">
        <ele>1385.03125</ele>
      </trkpt>
      <trkpt lat="42.753982543945313" lon="24.255623817443848">
        <ele>1388.6953125</ele>
      </trkpt>
      <trkpt lat="42.754111289978027" lon="24.255602359771729">
        <ele>1391.97265625</ele>
      </trkpt>
      <trkpt lat="42.754240036010742" lon="24.255645275115967">
        <ele>1395.8359375</ele>
      </trkpt>
      <trkpt lat="42.754454612731934" lon="24.255602359771729">
        <ele>1400.453125</ele>
      </trkpt>
      <trkpt lat="42.75454044342041" lon="24.255602359771729">
        <ele>1402.69921875</ele>
      </trkpt>
      <trkpt lat="42.754561901092529" lon="24.255645275115967">
        <ele>1403.69140625</ele>
      </trkpt>
      <trkpt lat="42.754411697387695" lon="24.255859851837158">
        <ele>1402.296875</ele>
      </trkpt>
      <trkpt lat="42.75428295135498" lon="24.256117343902588">
        <ele>1405.015625</ele>
      </trkpt>
      <trkpt lat="42.754261493682861" lon="24.256246089935303">
        <ele>1407.03125</ele>
      </trkpt>
      <trkpt lat="42.754325866699219" lon="24.256331920623779">
        <ele>1410.1015625</ele>
      </trkpt>
      <trkpt lat="42.75454044342041" lon="24.256589412689209">
        <ele>1419.25390625</ele>
      </trkpt>
      <trkpt lat="42.754733562469482" lon="24.256954193115234">
        <ele>1433.37890625</ele>
      </trkpt>
      <trkpt lat="42.754926681518555" lon="24.257168769836426">
        <ele>1444.3359375</ele>
      </trkpt>
      <trkpt lat="42.755119800567627" lon="24.257297515869141">
        <ele>1454.62109375</ele>
      </trkpt>
      <trkpt lat="42.755162715911865" lon="24.257383346557617">
        <ele>1458.90625</ele>
      </trkpt>
      <trkpt lat="42.755248546600342" lon="24.257469177246094">
        <ele>1465.296875</ele>
      </trkpt>
      <trkpt lat="42.755334377288818" lon="24.257640838623047">
        <ele>1472.55078125</ele>
      </trkpt>
      <trkpt lat="42.755420207977295" lon="24.257748126983643">
        <ele>1481.1171875</ele>
      </trkpt>
      <trkpt lat="42.755527496337891" lon="24.257791042327881">
        <ele>1490.515625</ele>
      </trkpt>
      <trkpt lat="42.755613327026367" lon="24.257876873016357">
        <ele>1498.43359375</ele>
      </trkpt>
      <trkpt lat="42.755956649780273" lon="24.258241653442383">
        <ele>1514.49609375</ele>
      </trkpt>
      <trkpt lat="42.756214141845703" lon="24.258370399475098">
        <ele>1525.2421875</ele>
      </trkpt>
      <trkpt lat="42.756471633911133" lon="24.258542060852051">
        <ele>1537.8515625</ele>
      </trkpt>
      <trkpt lat="42.75679349899292" lon="24.258842468261719">
        <ele>1552.4296875</ele>
      </trkpt>
      <trkpt lat="42.75705099105835" lon="24.259121417999268">
        <ele>1564.890625</ele>
      </trkpt>
      <trkpt lat="42.75728702545166" lon="24.259293079376221">
        <ele>1575.34765625</ele>
      </trkpt>
      <trkpt lat="42.757329940795898" lon="24.259421825408936">
        <ele>1578.890625</ele>
      </trkpt>
      <trkpt lat="42.757523059844971" lon="24.259593486785889">
        <ele>1590.578125</ele>
      </trkpt>
      <trkpt lat="42.757608890533447" lon="24.259636402130127">
        <ele>1594.51953125</ele>
      </trkpt>
      <trkpt lat="42.757673263549805" lon="24.259765148162842">
        <ele>1598.80078125</ele>
      </trkpt>
      <trkpt lat="42.757823467254639" lon="24.259829521179199">
        <ele>1605.5625</ele>
      </trkpt>
      <trkpt lat="42.757973670959473" lon="24.260087013244629">
        <ele>1614.72265625</ele>
      </trkpt>
      <trkpt lat="42.758016586303711" lon="24.260194301605225">
        <ele>1617.90625</ele>
      </trkpt>
      <trkpt lat="42.758123874664307" lon="24.260194301605225">
        <ele>1622.79296875</ele>
      </trkpt>
      <trkpt lat="42.75829553604126" lon="24.260323047637939">
        <ele>1632.68359375</ele>
      </trkpt>
      <trkpt lat="42.758381366729736" lon="24.260430335998535">
        <ele>1638.2890625</ele>
      </trkpt>
      <trkpt lat="42.758488655090332" lon="24.260430335998535">
        <ele>1641.92578125</ele>
      </trkpt>
      <trkpt lat="42.758574485778809" lon="24.260323047637939">
        <ele>1643.6171875</ele>
      </trkpt>
      <trkpt lat="42.758660316467285" lon="24.260280132293701">
        <ele>1646.32421875</ele>
      </trkpt>
      <trkpt lat="42.758810520172119" lon="24.260215759277344">
        <ele>1651.6171875</ele>
      </trkpt>
      <trkpt lat="42.759110927581787" lon="24.26006555557251">
        <ele>1663.06640625</ele>
      </trkpt>
      <trkpt lat="42.759261131286621" lon="24.259979724884033">
        <ele>1668.5859375</ele>
      </trkpt>
      <trkpt lat="42.759475708007812" lon="24.259679317474365">
        <ele>1679.1796875</ele>
      </trkpt>
      <trkpt lat="42.759926319122314" lon="24.259400367736816">
        <ele>1697.40234375</ele>
      </trkpt>
      <trkpt lat="42.760097980499268" lon="24.259443283081055">
        <ele>1701.953125</ele>
      </trkpt>
      <trkpt lat="42.76029109954834" lon="24.259228706359863">
        <ele>1711.05859375</ele>
      </trkpt>
      <trkpt lat="42.760309539735317" lon="24.259200962260365">
        <ele>1712.11328125</ele>
      </trkpt>
      <trkpt lat="42.760376930236816" lon="24.259099960327148">
        <ele>1715.4375</ele>
      </trkpt>
      <trkpt lat="42.760698795318604" lon="24.258949756622314">
        <ele>1724.72265625</ele>
      </trkpt>
      <trkpt lat="42.760891914367676" lon="24.258906841278076">
        <ele>1730.984375</ele>
      </trkpt>
      <trkpt lat="42.76127815246582" lon="24.258649349212646">
        <ele>1744.00390625</ele>
      </trkpt>
      <trkpt lat="42.761342525482178" lon="24.258520603179932">
        <ele>1746.92578125</ele>
      </trkpt>
      <trkpt lat="42.761514186859131" lon="24.258477687835693">
        <ele>1754.0859375</ele>
      </trkpt>
      <trkpt lat="42.761642932891846" lon="24.258456230163574">
        <ele>1759.58203125</ele>
      </trkpt>
      <trkpt lat="42.761836051940918" lon="24.258220195770264">
        <ele>1769.55859375</ele>
      </trkpt>
      <trkpt lat="42.761900424957275" lon="24.257962703704834">
        <ele>1773.15234375</ele>
      </trkpt>
      <trkpt lat="42.761943340301514" lon="24.257941246032715">
        <ele>1774.4765625</ele>
      </trkpt>
      <trkpt lat="42.76202917098999" lon="24.257898330688477">
        <ele>1777.421875</ele>
      </trkpt>
      <trkpt lat="42.762136459350586" lon="24.257855415344238">
        <ele>1781.546875</ele>
      </trkpt>
      <trkpt lat="42.762179374694824" lon="24.257833957672119">
        <ele>1783.1953125</ele>
      </trkpt>
      <trkpt lat="42.762308120727539" lon="24.257984161376953">
        <ele>1787.6875</ele>
      </trkpt>
      <trkpt lat="42.762393951416016" lon="24.257941246032715">
        <ele>1789.66796875</ele>
      </trkpt>
      <trkpt lat="42.762436866760254" lon="24.257941246032715">
        <ele>1790.65625</ele>
      </trkpt>
      <trkpt lat="42.76252269744873" lon="24.257962703704834">
        <ele>1792.63671875</ele>
      </trkpt>
      <trkpt lat="42.762608528137207" lon="24.258027076721191">
        <ele>1794.79296875</ele>
      </trkpt>
      <trkpt lat="42.762758731842041" lon="24.258048534393311">
        <ele>1799.24609375</ele>
      </trkpt>
      <trkpt lat="42.762887477874756" lon="24.258048534393311">
        <ele>1803.203125</ele>
      </trkpt>
      <trkpt lat="42.76303768157959" lon="24.258091449737549">
        <ele>1807.48828125</ele>
      </trkpt>
      <trkpt lat="42.763102054595947" lon="24.258177280426025">
        <ele>1808.80859375</ele>
      </trkpt>
      <trkpt lat="42.763187885284424" lon="24.258241653442383">
        <ele>1810.953125</ele>
      </trkpt>
      <trkpt lat="42.7632737159729" lon="24.258370399475098">
        <ele>1812.6015625</ele>
      </trkpt>
      <trkpt lat="42.763359546661377" lon="24.258391857147217">
        <ele>1815.07421875</ele>
      </trkpt>
      <trkpt lat="42.763423919677734" lon="24.258413314819336">
        <ele>1816.890625</ele>
      </trkpt>
      <trkpt lat="42.763509750366211" lon="24.258391857147217">
        <ele>1819.6953125</ele>
      </trkpt>
      <trkpt lat="42.763617038726807" lon="24.258434772491455">
        <ele>1822.6640625</ele>
      </trkpt>
      <trkpt lat="42.763681411743164" lon="24.258477687835693">
        <ele>1824.3125</ele>
      </trkpt>
      <trkpt lat="42.763767242431641" lon="24.258520603179932">
        <ele>1826.62109375</ele>
      </trkpt>
      <trkpt lat="42.763874530792236" lon="24.258542060852051">
        <ele>1829.75</ele>
      </trkpt>
      <trkpt lat="42.763960361480713" lon="24.258542060852051">
        <ele>1832.51171875</ele>
      </trkpt>
      <trkpt lat="42.764003276824951" lon="24.258606433868408">
        <ele>1833.66796875</ele>
      </trkpt>
      <trkpt lat="42.764110565185547" lon="24.258627891540527">
        <ele>1837.625</ele>
      </trkpt>
      <trkpt lat="42.764196395874023" lon="24.258627891540527">
        <ele>1840.92578125</ele>
      </trkpt>
      <trkpt lat="42.7642822265625" lon="24.258670806884766">
        <ele>1843.4296875</ele>
      </trkpt>
      <trkpt lat="42.764368057250977" lon="24.258692264556885">
        <ele>1845.90234375</ele>
      </trkpt>
      <trkpt lat="42.764453887939453" lon="24.258692264556885">
        <ele>1848.54296875</ele>
      </trkpt>
      <trkpt lat="42.76453971862793" lon="24.258713722229004">
        <ele>1851.015625</ele>
      </trkpt>
      <trkpt lat="42.764582633972168" lon="24.258756637573242">
        <ele>1852.0078125</ele>
      </trkpt>
      <trkpt lat="42.764668464660645" lon="24.258778095245361">
        <ele>1854.48046875</ele>
      </trkpt>
      <trkpt lat="42.764732837677002" lon="24.258778095245361">
        <ele>1856.4609375</ele>
      </trkpt>
      <trkpt lat="42.764818668365479" lon="24.258778095245361">
        <ele>1859.35546875</ele>
      </trkpt>
      <trkpt lat="42.764947414398193" lon="24.258906841278076">
        <ele>1863.6015625</ele>
      </trkpt>
      <trkpt lat="42.76503324508667" lon="24.258992671966553">
        <ele>1866.109375</ele>
      </trkpt>
      <trkpt lat="42.765140533447266" lon="24.259014129638672">
        <ele>1868.65234375</ele>
      </trkpt>
      <trkpt lat="42.765312194824219" lon="24.259099960327148">
        <ele>1871.94921875</ele>
      </trkpt>
      <trkpt lat="42.765440940856934" lon="24.259099960327148">
        <ele>1874.89453125</ele>
      </trkpt>
      <trkpt lat="42.765548229217529" lon="24.259185791015625">
        <ele>1877.9296875</ele>
      </trkpt>
      <trkpt lat="42.765612602233887" lon="24.259271621704102">
        <ele>1880.05078125</ele>
      </trkpt>
      <trkpt lat="42.765719890594482" lon="24.259293079376221">
        <ele>1881.8671875</ele>
      </trkpt>
      <trkpt lat="42.765762805938721" lon="24.25931453704834">
        <ele>1882.69140625</ele>
      </trkpt>
      <trkpt lat="42.765848636627197" lon="24.259357452392578">
        <ele>1884.33984375</ele>
      </trkpt>
      <trkpt lat="42.765913009643555" lon="24.259400367736816">
        <ele>1885.65625</ele>
      </trkpt>
      <trkpt lat="42.76602029800415" lon="24.259486198425293">
        <ele>1887.96875</ele>
      </trkpt>
      <trkpt lat="42.766213417053223" lon="24.25957202911377">
        <ele>1891.47265625</ele>
      </trkpt>
      <trkpt lat="42.766342163085937" lon="24.259657859802246">
        <ele>1894.20703125</ele>
      </trkpt>
      <trkpt lat="42.766470909118652" lon="24.259765148162842">
        <ele>1896.6015625</ele>
      </trkpt>
      <trkpt lat="42.766578197479248" lon="24.25980806350708">
        <ele>1896.93359375</ele>
      </trkpt>
      <trkpt lat="42.766685485839844" lon="24.259829521179199">
        <ele>1897.09765625</ele>
      </trkpt>
      <trkpt lat="42.766792774200439" lon="24.259958267211914">
        <ele>1898.77734375</ele>
      </trkpt>
      <trkpt lat="42.766900062561035" lon="24.260108470916748">
        <ele>1901.91015625</ele>
      </trkpt>
      <trkpt lat="42.76702880859375" lon="24.260408878326416">
        <ele>1905.7421875</ele>
      </trkpt>
      <trkpt lat="42.767071723937988" lon="24.260451793670654">
        <ele>1906.05859375</ele>
      </trkpt>
      <trkpt lat="42.767350673675537" lon="24.260601997375488">
        <ele>1906.9453125</ele>
      </trkpt>
      <trkpt lat="42.767586708068848" lon="24.260730743408203">
        <ele>1907.78515625</ele>
      </trkpt>
      <trkpt lat="42.76777982711792" lon="24.260795116424561">
        <ele>1907.04296875</ele>
      </trkpt>
      <trkpt lat="42.768144607543945" lon="24.260966777801514">
        <ele>1910.296875</ele>
      </trkpt>
      <trkpt lat="42.768380641937256" lon="24.261009693145752">
        <ele>1912.21484375</ele>
      </trkpt>
      <trkpt lat="42.768509387969971" lon="24.261074066162109">
        <ele>1913.14453125</ele>
      </trkpt>
      <trkpt lat="42.768638134002686" lon="24.261095523834229">
        <ele>1913.5390625</ele>
      </trkpt>
      <trkpt lat="42.768831253051758" lon="24.261159896850586">
        <ele>1915.34375</ele>
      </trkpt>
      <trkpt lat="42.768938541412354" lon="24.261159896850586">
        <ele>1915.84375</ele>
      </trkpt>
      <trkpt lat="42.76902437210083" lon="24.261159896850586">
        <ele>1916.49609375</ele>
      </trkpt>
      <trkpt lat="42.769410610198975" lon="24.261159896850586">
        <ele>1919.46484375</ele>
      </trkpt>
      <trkpt lat="42.769689559936523" lon="24.261116981506348">
        <ele>1921.27734375</ele>
      </trkpt>
      <trkpt lat="42.769989967346191" lon="24.261095523834229">
        <ele>1923.42578125</ele>
      </trkpt>
      <trkpt lat="42.770075798034668" lon="24.261074066162109">
        <ele>1923.91796875</ele>
      </trkpt>
      <trkpt lat="42.770354747772217" lon="24.261009693145752">
        <ele>1925.69140625</ele>
      </trkpt>
      <trkpt lat="42.770440578460693" lon="24.260988235473633">
        <ele>1925.69140625</ele>
      </trkpt>
      <trkpt lat="42.770569324493408" lon="24.261009693145752">
        <ele>1925.69140625</ele>
      </trkpt>
      <trkpt lat="42.7707839012146" lon="24.261031150817871">
        <ele>1927.05078125</ele>
      </trkpt>
      <trkpt lat="42.770977020263672" lon="24.26105260848999">
        <ele>1927.8203125</ele>
      </trkpt>
      <trkpt lat="42.77101993560791" lon="24.261031150817871">
        <ele>1927.82421875</ele>
      </trkpt>
      <trkpt lat="42.771105766296387" lon="24.261009693145752">
        <ele>1927.82421875</ele>
      </trkpt>
      <trkpt lat="42.771170139312744" lon="24.261009693145752">
        <ele>1927.7734375</ele>
      </trkpt>
      <trkpt lat="42.771298885345459" lon="24.26105260848999">
        <ele>1926.76953125</ele>
      </trkpt>
      <trkpt lat="42.771427631378174" lon="24.261095523834229">
        <ele>1925.76953125</ele>
      </trkpt>
      <trkpt lat="42.771492004394531" lon="24.261159896850586">
        <ele>1925.69140625</ele>
      </trkpt>
      <trkpt lat="42.771620750427246" lon="24.261288642883301">
        <ele>1925.69140625</ele>
      </trkpt>
      <trkpt lat="42.771728038787842" lon="24.261438846588135">
        <ele>1926.5859375</ele>
      </trkpt>
      <trkpt lat="42.771813869476318" lon="24.261460304260254">
        <ele>1927.08984375</ele>
      </trkpt>
      <trkpt lat="42.772157192230225" lon="24.261610507965088">
        <ele>1927.84375</ele>
      </trkpt>
      <trkpt lat="42.772221565246582" lon="24.261653423309326">
        <ele>1928.1171875</ele>
      </trkpt>
      <trkpt lat="42.77226448059082" lon="24.261696338653564">
        <ele>1928.49609375</ele>
      </trkpt>
      <trkpt lat="42.772436141967773" lon="24.261760711669922">
        <ele>1929.56640625</ele>
      </trkpt>
      <trkpt lat="42.772607803344727" lon="24.261782169342041">
        <ele>1930.3984375</ele>
      </trkpt>
      <trkpt lat="42.772715091705322" lon="24.261760711669922">
        <ele>1931.22265625</ele>
      </trkpt>
      <trkpt lat="42.772742919623852" lon="24.262053407728672">
        <ele>1931.4375</ele>
      </trkpt>
      <trkpt lat="42.772822380065918" lon="24.262039661407471">
        <ele>1932.046875</ele>
      </trkpt>
      <trkpt lat="42.772742919623852" lon="24.262053407728672">
        <ele>1931.4375</ele>
      </trkpt>
      <trkpt lat="42.772715091705322" lon="24.261760711669922">
        <ele>1931.22265625</ele>
      </trkpt>
      <trkpt lat="42.77277946472168" lon="24.261481761932373">
        <ele>1930.76171875</ele>
      </trkpt>
      <trkpt lat="42.772822380065918" lon="24.261116981506348">
        <ele>1928.3203125</ele>
      </trkpt>
      <trkpt lat="42.772908210754395" lon="24.260859489440918">
        <ele>1928.44140625</ele>
      </trkpt>
      <trkpt lat="42.77301549911499" lon="24.260623455047607">
        <ele>1929.265625</ele>
      </trkpt>
      <trkpt lat="42.773187160491943" lon="24.260022640228271">
        <ele>1929.95703125</ele>
      </trkpt>
      <trkpt lat="42.773401737213135" lon="24.25955057144165">
        <ele>1932.1484375</ele>
      </trkpt>
      <trkpt lat="42.773745059967041" lon="24.2588210105896">
        <ele>1938.515625</ele>
      </trkpt>
      <trkpt lat="42.774045467376709" lon="24.2578125">
        <ele>1943.9453125</ele>
      </trkpt>
      <trkpt lat="42.774217128753662" lon="24.257340431213379">
        <ele>1945.84765625</ele>
      </trkpt>
      <trkpt lat="42.774453163146973" lon="24.256632328033447">
        <ele>1956.734375</ele>
      </trkpt>
      <trkpt lat="42.774560451507568" lon="24.256267547607422">
        <ele>1962.71484375</ele>
      </trkpt>
      <trkpt lat="42.774667739868164" lon="24.25555944442749">
        <ele>1974.57421875</ele>
      </trkpt>
      <trkpt lat="42.774732112884521" lon="24.255173206329346">
        <ele>1981.0078125</ele>
      </trkpt>
      <trkpt lat="42.774860858917236" lon="24.254679679870605">
        <ele>1989.03125</ele>
      </trkpt>
      <trkpt lat="42.774882316589355" lon="24.254357814788818">
        <ele>1993.31640625</ele>
      </trkpt>
      <trkpt lat="42.77501106262207" lon="24.25382137298584">
        <ele>2003.5078125</ele>
      </trkpt>
      <trkpt lat="42.775096893310547" lon="24.253199100494385">
        <ele>2010.52734375</ele>
      </trkpt>
      <trkpt lat="42.775139808654785" lon="24.252769947052002">
        <ele>2014.421875</ele>
      </trkpt>
      <trkpt lat="42.7752685546875" lon="24.252190589904785">
        <ele>2021.99609375</ele>
      </trkpt>
      <trkpt lat="42.775290012359619" lon="24.251439571380615">
        <ele>2028.2109375</ele>
      </trkpt>
      <trkpt lat="42.775375843048096" lon="24.251439571380615">
        <ele>2028.5390625</ele>
      </trkpt>
      <trkpt lat="42.775290012359619" lon="24.251439571380615">
        <ele>2028.2109375</ele>
      </trkpt>
      <trkpt lat="42.775161266326904" lon="24.250667095184326">
        <ele>2032.52734375</ele>
      </trkpt>
      <trkpt lat="42.774989604949951" lon="24.249873161315918">
        <ele>2033.28125</ele>
      </trkpt>
      <trkpt lat="42.774946689605713" lon="24.249379634857178">
        <ele>2033.28125</ele>
      </trkpt>
      <trkpt lat="42.774882316589355" lon="24.24882173538208">
        <ele>2033.28125</ele>
      </trkpt>
      <trkpt lat="42.774753570556641" lon="24.248156547546387">
        <ele>2033.22265625</ele>
      </trkpt>
      <trkpt lat="42.774732112884521" lon="24.247791767120361">
        <ele>2033.2109375</ele>
      </trkpt>
      <trkpt lat="42.774689197540283" lon="24.247491359710693">
        <ele>2032.75</ele>
      </trkpt>
      <trkpt lat="42.775053977966309" lon="24.247298240661621">
        <ele>2031.10546875</ele>
      </trkpt>
      <trkpt lat="42.775483131408691" lon="24.247105121612549">
        <ele>2027.80859375</ele>
      </trkpt>
      <trkpt lat="42.775890827178955" lon="24.246869087219238">
        <ele>2024.42578125</ele>
      </trkpt>
      <trkpt lat="42.776148319244385" lon="24.246718883514404">
        <ele>2020.59375</ele>
      </trkpt>
      <trkpt lat="42.776556015014648" lon="24.246525764465332">
        <ele>2013.4609375</ele>
      </trkpt>
      <trkpt lat="42.77702808380127" lon="24.246311187744141">
        <ele>2002.30078125</ele>
      </trkpt>
      <trkpt lat="42.777199745178223" lon="24.246311187744141">
        <ele>1997.0234375</ele>
      </trkpt>
      <trkpt lat="42.777392864227295" lon="24.246225357055664">
        <ele>1991.6484375</ele>
      </trkpt>
      <trkpt lat="42.777650356292725" lon="24.245946407318115">
        <ele>1982.29296875</ele>
      </trkpt>
      <trkpt lat="42.77801513671875" lon="24.245645999908447">
        <ele>1969.8203125</ele>
      </trkpt>
      <trkpt lat="42.77827262878418" lon="24.245603084564209">
        <ele>1961.05859375</ele>
      </trkpt>
      <trkpt lat="42.778444290161133" lon="24.245517253875732">
        <ele>1955.0625</ele>
      </trkpt>
      <trkpt lat="42.778637409210205" lon="24.245388507843018">
        <ele>1949.640625</ele>
      </trkpt>
      <trkpt lat="42.778980731964111" lon="24.245302677154541">
        <ele>1936.09765625</ele>
      </trkpt>
      <trkpt lat="42.77925968170166" lon="24.245216846466064">
        <ele>1924.63671875</ele>
      </trkpt>
      <trkpt lat="42.779474258422852" lon="24.245367050170898">
        <ele>1918.63671875</ele>
      </trkpt>
      <trkpt lat="42.779603004455566" lon="24.245474338531494">
        <ele>1915.49609375</ele>
      </trkpt>
      <trkpt lat="42.779710292816162" lon="24.245474338531494">
        <ele>1911.46484375</ele>
      </trkpt>
      <trkpt lat="42.7797532081604" lon="24.245195388793945">
        <ele>1907.359375</ele>
      </trkpt>
      <trkpt lat="42.779710292816162" lon="24.244916439056396">
        <ele>1904.19140625</ele>
      </trkpt>
      <trkpt lat="42.7797532081604" lon="24.244701862335205">
        <ele>1897.96875</ele>
      </trkpt>
      <trkpt lat="42.779924869537354" lon="24.244616031646729">
        <ele>1890.80078125</ele>
      </trkpt>
      <trkpt lat="42.780117988586426" lon="24.244680404663086">
        <ele>1886.09765625</ele>
      </trkpt>
      <trkpt lat="42.78026819229126" lon="24.24483060836792">
        <ele>1883.7890625</ele>
      </trkpt>
      <trkpt lat="42.780439853668213" lon="24.244873523712158">
        <ele>1880.06640625</ele>
      </trkpt>
      <trkpt lat="42.780611850321293" lon="24.244859106838703">
        <ele>1875.90625</ele>
      </trkpt>
      <trkpt lat="42.780697345733643" lon="24.244852066040039">
        <ele>1874.0625</ele>
      </trkpt>
      <trkpt lat="42.780911922454834" lon="24.244766235351563">
        <ele>1868.94921875</ele>
      </trkpt>
      <trkpt lat="42.781126499176025" lon="24.244701862335205">
        <ele>1863.50390625</ele>
      </trkpt>
      <trkpt lat="42.781233787536621" lon="24.24457311630249">
        <ele>1860.640625</ele>
      </trkpt>
      <trkpt lat="42.781383991241455" lon="24.244465827941895">
        <ele>1857.5078125</ele>
      </trkpt>
      <trkpt lat="42.781662940979004" lon="24.244294166564941">
        <ele>1853.0234375</ele>
      </trkpt>
      <trkpt lat="42.781856060028076" lon="24.244036674499512">
        <ele>1848.8828125</ele>
      </trkpt>
      <trkpt lat="42.781856060028076" lon="24.243714809417725">
        <ele>1845.18359375</ele>
      </trkpt>
      <trkpt lat="42.781813144683838" lon="24.243199825286865">
        <ele>1838.61328125</ele>
      </trkpt>
      <trkpt lat="42.781834602355957" lon="24.242620468139648">
        <ele>1829.41015625</ele>
      </trkpt>
      <trkpt lat="42.781898975372314" lon="24.242362976074219">
        <ele>1825.0390625</ele>
      </trkpt>
      <trkpt lat="42.781941890716553" lon="24.242255687713623">
        <ele>1823.22265625</ele>
      </trkpt>
      <trkpt lat="42.781920433044434" lon="24.242169857025146">
        <ele>1820.875</ele>
      </trkpt>
      <trkpt lat="42.781941890716553" lon="24.242019653320313">
        <ele>1816.015625</ele>
      </trkpt>
      <trkpt lat="42.781898975372314" lon="24.241955280303955">
        <ele>1813.91015625</ele>
      </trkpt>
      <trkpt lat="42.781898975372314" lon="24.241847991943359">
        <ele>1810.8515625</ele>
      </trkpt>
      <trkpt lat="42.781856060028076" lon="24.241740703582764">
        <ele>1808.25390625</ele>
      </trkpt>
      <trkpt lat="42.781834602355957" lon="24.241633415222168">
        <ele>1805.39453125</ele>
      </trkpt>
      <trkpt lat="42.781834602355957" lon="24.241397380828857">
        <ele>1803.29296875</ele>
      </trkpt>
      <trkpt lat="42.781898975372314" lon="24.241182804107666">
        <ele>1800.8203125</ele>
      </trkpt>
      <trkpt lat="42.781984806060791" lon="24.240882396697998">
        <ele>1795.83984375</ele>
      </trkpt>
      <trkpt lat="42.781963348388672" lon="24.240710735321045">
        <ele>1793.890625</ele>
      </trkpt>
      <trkpt lat="42.781920433044434" lon="24.240560531616211">
        <ele>1792.69140625</ele>
      </trkpt>
      <trkpt lat="42.781941890716553" lon="24.240410327911377">
        <ele>1789.93359375</ele>
      </trkpt>
      <trkpt lat="42.781984806060791" lon="24.240260124206543">
        <ele>1786.46875</ele>
      </trkpt>
      <trkpt lat="42.781984806060791" lon="24.240045547485352">
        <ele>1782.9453125</ele>
      </trkpt>
      <trkpt lat="42.782177925109863" lon="24.239530563354492">
        <ele>1766.40234375</ele>
      </trkpt>
      <trkpt lat="42.782306671142578" lon="24.239165782928467">
        <ele>1759.9921875</ele>
      </trkpt>
      <trkpt lat="42.782371044158936" lon="24.23858642578125">
        <ele>1750.35546875</ele>
      </trkpt>
      <trkpt lat="42.782435417175293" lon="24.23809289932251">
        <ele>1736.23828125</ele>
      </trkpt>
      <trkpt lat="42.782564163208008" lon="24.237899780273438">
        <ele>1733.953125</ele>
      </trkpt>
      <trkpt lat="42.782628536224365" lon="24.237685203552246">
        <ele>1728.453125</ele>
      </trkpt>
      <trkpt lat="42.782735824584961" lon="24.23734188079834">
        <ele>1722.375</ele>
      </trkpt>
      <trkpt lat="42.782886028289795" lon="24.236891269683838">
        <ele>1721.734375</ele>
      </trkpt>
      <trkpt lat="42.783036231994629" lon="24.236483573913574">
        <ele>1714.25390625</ele>
      </trkpt>
      <trkpt lat="42.783036231994629" lon="24.236183166503906">
        <ele>1705.6953125</ele>
      </trkpt>
      <trkpt lat="42.783122062683105" lon="24.235990047454834">
        <ele>1704.30859375</ele>
      </trkpt>
      <trkpt lat="42.783143520355225" lon="24.23583984375">
        <ele>1701.83203125</ele>
      </trkpt>
      <trkpt lat="42.783100605010986" lon="24.235732555389404">
        <ele>1697.37890625</ele>
      </trkpt>
      <trkpt lat="42.78301477432251" lon="24.235668182373047">
        <ele>1692.3046875</ele>
      </trkpt>
      <trkpt lat="42.782950401306152" lon="24.235603809356689">
        <ele>1687.8671875</ele>
      </trkpt>
      <trkpt lat="42.782907485961914" lon="24.235281944274902">
        <ele>1678.0859375</ele>
      </trkpt>
      <trkpt lat="42.782800197601318" lon="24.234788417816162">
        <ele>1665.34765625</ele>
      </trkpt>
      <trkpt lat="42.78275728225708" lon="24.234530925750732">
        <ele>1660.609375</ele>
      </trkpt>
      <trkpt lat="42.782778739929199" lon="24.234230518341064">
        <ele>1659.26171875</ele>
      </trkpt>
      <trkpt lat="42.78275728225708" lon="24.234015941619873">
        <ele>1654.19140625</ele>
      </trkpt>
      <trkpt lat="42.782778739929199" lon="24.233822822570801">
        <ele>1648.21484375</ele>
      </trkpt>
      <trkpt lat="42.782778739929199" lon="24.233608245849609">
        <ele>1641.87109375</ele>
      </trkpt>
      <trkpt lat="42.78275728225708" lon="24.233286380767822">
        <ele>1638.3515625</ele>
      </trkpt>
      <trkpt lat="42.782649993896484" lon="24.233136177062988">
        <ele>1636.375</ele>
      </trkpt>
      <trkpt lat="42.78252124786377" lon="24.233114719390869">
        <ele>1635.22265625</ele>
      </trkpt>
      <trkpt lat="42.782392501831055" lon="24.23309326171875">
        <ele>1634.06640625</ele>
      </trkpt>
      <trkpt lat="42.782478332519531" lon="24.232921600341797">
        <ele>1632.70703125</ele>
      </trkpt>
      <trkpt lat="42.782628536224365" lon="24.232492446899414">
        <ele>1626.6953125</ele>
      </trkpt>
      <trkpt lat="42.782692909240723" lon="24.232256412506104">
        <ele>1625.96484375</ele>
      </trkpt>
      <trkpt lat="42.782800197601318" lon="24.232149124145508">
        <ele>1624.29296875</ele>
      </trkpt>
      <trkpt lat="42.782886028289795" lon="24.232170581817627">
        <ele>1622.9375</ele>
      </trkpt>
      <trkpt lat="42.782993316650391" lon="24.232192039489746">
        <ele>1621.62890625</ele>
      </trkpt>
      <trkpt lat="42.783079147338867" lon="24.232149124145508">
        <ele>1619.765625</ele>
      </trkpt>
      <trkpt lat="42.783143520355225" lon="24.232063293457031">
        <ele>1618.4921875</ele>
      </trkpt>
      <trkpt lat="42.783315181732178" lon="24.232020378112793">
        <ele>1616.54296875</ele>
      </trkpt>
      <trkpt lat="42.783371927216649" lon="24.231282267719507">
        <ele>1606.4140625</ele>
      </trkpt>
      <trkpt lat="42.783371927216649" lon="24.231282183900476">
        <ele>1606.4140625</ele>
      </trkpt>
      <trkpt lat="42.783369580283761" lon="24.231312945485115">
        <ele>1606.66796875</ele>
      </trkpt>
      <trkpt lat="42.783315181732178" lon="24.232020378112793">
        <ele>1616.54296875</ele>
      </trkpt>
      <trkpt lat="42.783143520355225" lon="24.232063293457031">
        <ele>1618.4921875</ele>
      </trkpt>
      <trkpt lat="42.783079147338867" lon="24.232149124145508">
        <ele>1619.765625</ele>
      </trkpt>
      <trkpt lat="42.782993316650391" lon="24.232192039489746">
        <ele>1621.62890625</ele>
      </trkpt>
      <trkpt lat="42.782886028289795" lon="24.232170581817627">
        <ele>1622.9375</ele>
      </trkpt>
      <trkpt lat="42.782800197601318" lon="24.232149124145508">
        <ele>1624.29296875</ele>
      </trkpt>
      <trkpt lat="42.782692909240723" lon="24.232256412506104">
        <ele>1625.96484375</ele>
      </trkpt>
      <trkpt lat="42.782628536224365" lon="24.232492446899414">
        <ele>1626.6953125</ele>
      </trkpt>
      <trkpt lat="42.782478332519531" lon="24.232921600341797">
        <ele>1632.70703125</ele>
      </trkpt>
      <trkpt lat="42.782392501831055" lon="24.23309326171875">
        <ele>1634.06640625</ele>
      </trkpt>
      <trkpt lat="42.78252124786377" lon="24.233114719390869">
        <ele>1635.22265625</ele>
      </trkpt>
      <trkpt lat="42.782649993896484" lon="24.233136177062988">
        <ele>1636.375</ele>
      </trkpt>
      <trkpt lat="42.78275728225708" lon="24.233286380767822">
        <ele>1638.3515625</ele>
      </trkpt>
      <trkpt lat="42.782778739929199" lon="24.233608245849609">
        <ele>1641.87109375</ele>
      </trkpt>
      <trkpt lat="42.782778739929199" lon="24.233822822570801">
        <ele>1648.21484375</ele>
      </trkpt>
      <trkpt lat="42.78275728225708" lon="24.234015941619873">
        <ele>1654.19140625</ele>
      </trkpt>
      <trkpt lat="42.782778739929199" lon="24.234230518341064">
        <ele>1659.26171875</ele>
      </trkpt>
      <trkpt lat="42.78275728225708" lon="24.234530925750732">
        <ele>1660.609375</ele>
      </trkpt>
      <trkpt lat="42.782800197601318" lon="24.234788417816162">
        <ele>1665.34765625</ele>
      </trkpt>
      <trkpt lat="42.782907485961914" lon="24.235281944274902">
        <ele>1678.0859375</ele>
      </trkpt>
      <trkpt lat="42.782950401306152" lon="24.235603809356689">
        <ele>1687.8671875</ele>
      </trkpt>
      <trkpt lat="42.78301477432251" lon="24.235668182373047">
        <ele>1692.3046875</ele>
      </trkpt>
      <trkpt lat="42.783100605010986" lon="24.235732555389404">
        <ele>1697.37890625</ele>
      </trkpt>
      <trkpt lat="42.783143520355225" lon="24.23583984375">
        <ele>1701.83203125</ele>
      </trkpt>
      <trkpt lat="42.783122062683105" lon="24.235990047454834">
        <ele>1704.30859375</ele>
      </trkpt>
      <trkpt lat="42.783036231994629" lon="24.236183166503906">
        <ele>1705.6953125</ele>
      </trkpt>
      <trkpt lat="42.783036231994629" lon="24.236483573913574">
        <ele>1714.25390625</ele>
      </trkpt>
      <trkpt lat="42.782886028289795" lon="24.236891269683838">
        <ele>1721.734375</ele>
      </trkpt>
      <trkpt lat="42.782735824584961" lon="24.23734188079834">
        <ele>1722.375</ele>
      </trkpt>
      <trkpt lat="42.782628536224365" lon="24.237685203552246">
        <ele>1728.453125</ele>
      </trkpt>
      <trkpt lat="42.782564163208008" lon="24.237899780273438">
        <ele>1733.953125</ele>
      </trkpt>
      <trkpt lat="42.782435417175293" lon="24.23809289932251">
        <ele>1736.23828125</ele>
      </trkpt>
      <trkpt lat="42.782371044158936" lon="24.23858642578125">
        <ele>1750.35546875</ele>
      </trkpt>
      <trkpt lat="42.782306671142578" lon="24.239165782928467">
        <ele>1759.9921875</ele>
      </trkpt>
      <trkpt lat="42.782177925109863" lon="24.239530563354492">
        <ele>1766.40234375</ele>
      </trkpt>
      <trkpt lat="42.781984806060791" lon="24.240045547485352">
        <ele>1782.9453125</ele>
      </trkpt>
      <trkpt lat="42.781984806060791" lon="24.240260124206543">
        <ele>1786.46875</ele>
      </trkpt>
      <trkpt lat="42.781941890716553" lon="24.240410327911377">
        <ele>1789.93359375</ele>
      </trkpt>
      <trkpt lat="42.781920433044434" lon="24.240560531616211">
        <ele>1792.69140625</ele>
      </trkpt>
      <trkpt lat="42.781963348388672" lon="24.240710735321045">
        <ele>1793.890625</ele>
      </trkpt>
      <trkpt lat="42.781984806060791" lon="24.240882396697998">
        <ele>1795.83984375</ele>
      </trkpt>
      <trkpt lat="42.781898975372314" lon="24.241182804107666">
        <ele>1800.8203125</ele>
      </trkpt>
      <trkpt lat="42.781834602355957" lon="24.241397380828857">
        <ele>1803.29296875</ele>
      </trkpt>
      <trkpt lat="42.781834602355957" lon="24.241633415222168">
        <ele>1805.39453125</ele>
      </trkpt>
      <trkpt lat="42.781856060028076" lon="24.241740703582764">
        <ele>1808.25390625</ele>
      </trkpt>
      <trkpt lat="42.781898975372314" lon="24.241847991943359">
        <ele>1810.8515625</ele>
      </trkpt>
      <trkpt lat="42.781898975372314" lon="24.241955280303955">
        <ele>1813.91015625</ele>
      </trkpt>
      <trkpt lat="42.781941890716553" lon="24.242019653320313">
        <ele>1816.015625</ele>
      </trkpt>
      <trkpt lat="42.781920433044434" lon="24.242169857025146">
        <ele>1820.875</ele>
      </trkpt>
      <trkpt lat="42.781941890716553" lon="24.242255687713623">
        <ele>1823.22265625</ele>
      </trkpt>
      <trkpt lat="42.781898975372314" lon="24.242362976074219">
        <ele>1825.0390625</ele>
      </trkpt>
      <trkpt lat="42.781834602355957" lon="24.242620468139648">
        <ele>1829.41015625</ele>
      </trkpt>
      <trkpt lat="42.781813144683838" lon="24.243199825286865">
        <ele>1838.61328125</ele>
      </trkpt>
      <trkpt lat="42.781856060028076" lon="24.243714809417725">
        <ele>1845.18359375</ele>
      </trkpt>
      <trkpt lat="42.781856060028076" lon="24.244036674499512">
        <ele>1848.8828125</ele>
      </trkpt>
      <trkpt lat="42.781791687011719" lon="24.244272708892822">
        <ele>1851.49609375</ele>
      </trkpt>
      <trkpt lat="42.781856060028076" lon="24.244508743286133">
        <ele>1851.8359375</ele>
      </trkpt>
      <trkpt lat="42.781791687011719" lon="24.244873523712158">
        <ele>1849.28515625</ele>
      </trkpt>
      <trkpt lat="42.781598567962646" lon="24.24532413482666">
        <ele>1848.109375</ele>
      </trkpt>
      <trkpt lat="42.781341075897217" lon="24.245903491973877">
        <ele>1850.26171875</ele>
      </trkpt>
      <trkpt lat="42.781190872192383" lon="24.246375560760498">
        <ele>1847.30859375</ele>
      </trkpt>
      <trkpt lat="42.78101921081543" lon="24.246912002563477">
        <ele>1848.04296875</ele>
      </trkpt>
      <trkpt lat="42.78076171875" lon="24.247362613677979">
        <ele>1850.1796875</ele>
      </trkpt>
      <trkpt lat="42.780697345733643" lon="24.247727394104004">
        <ele>1845.984375</ele>
      </trkpt>
      <trkpt lat="42.780611515045166" lon="24.248263835906982">
        <ele>1849.21484375</ele>
      </trkpt>
      <trkpt lat="42.780718803405762" lon="24.249036312103271">
        <ele>1844.4453125</ele>
      </trkpt>
      <trkpt lat="42.780783176422119" lon="24.249486923217773">
        <ele>1839.50390625</ele>
      </trkpt>
      <trkpt lat="42.78086238540709" lon="24.249579375609756">
        <ele>1835.68359375</ele>
      </trkpt>
      <trkpt lat="42.780911922454834" lon="24.249637126922607">
        <ele>1834.03125</ele>
      </trkpt>
      <trkpt lat="42.781105041503906" lon="24.250044822692871">
        <ele>1829.7734375</ele>
      </trkpt>
      <trkpt lat="42.781126499176025" lon="24.250538349151611">
        <ele>1829.31640625</ele>
      </trkpt>
      <trkpt lat="42.781126499176025" lon="24.250710010528564">
        <ele>1827.99609375</ele>
      </trkpt>
      <trkpt lat="42.781062126159668" lon="24.250988960266113">
        <ele>1828.328125</ele>
      </trkpt>
      <trkpt lat="42.780890464782715" lon="24.251139163970947">
        <ele>1833.140625</ele>
      </trkpt>
      <trkpt lat="42.780740261077881" lon="24.251289367675781">
        <ele>1841.73828125</ele>
      </trkpt>
      <trkpt lat="42.780568599700928" lon="24.251611232757568">
        <ele>1849.91015625</ele>
      </trkpt>
      <trkpt lat="42.780311107635498" lon="24.252018928527832">
        <ele>1855.91796875</ele>
      </trkpt>
      <trkpt lat="42.780246734619141" lon="24.252297878265381">
        <ele>1851.45703125</ele>
      </trkpt>
      <trkpt lat="42.78001070022583" lon="24.252791404724121">
        <ele>1850.16015625</ele>
      </trkpt>
      <trkpt lat="42.78001070022583" lon="24.252963066101074">
        <ele>1846.3671875</ele>
      </trkpt>
      <trkpt lat="42.779903411865234" lon="24.253220558166504">
        <ele>1847.890625</ele>
      </trkpt>
      <trkpt lat="42.779903411865234" lon="24.253478050231934">
        <ele>1844.453125</ele>
      </trkpt>
      <trkpt lat="42.779817581176758" lon="24.253649711608887">
        <ele>1846.66015625</ele>
      </trkpt>
      <trkpt lat="42.7797532081604" lon="24.253864288330078">
        <ele>1847.30859375</ele>
      </trkpt>
      <trkpt lat="42.779538631439209" lon="24.254186153411865">
        <ele>1850.2109375</ele>
      </trkpt>
      <trkpt lat="42.779366970062256" lon="24.254701137542725">
        <ele>1854.03515625</ele>
      </trkpt>
      <trkpt lat="42.779324054718018" lon="24.255151748657227">
        <ele>1852.87890625</ele>
      </trkpt>
      <trkpt lat="42.779302597045898" lon="24.255452156066895">
        <ele>1850.5234375</ele>
      </trkpt>
      <trkpt lat="42.779173851013184" lon="24.255731105804443">
        <ele>1855.85546875</ele>
      </trkpt>
      <trkpt lat="42.779109477996826" lon="24.256181716918945">
        <ele>1858.73828125</ele>
      </trkpt>
      <trkpt lat="42.77900218963623" lon="24.256739616394043">
        <ele>1862.00390625</ele>
      </trkpt>
      <trkpt lat="42.778830528259277" lon="24.257147312164307">
        <ele>1863.98046875</ele>
      </trkpt>
      <trkpt lat="42.778658866882324" lon="24.257383346557617">
        <ele>1868.3359375</ele>
      </trkpt>
      <trkpt lat="42.778573036193848" lon="24.257662296295166">
        <ele>1869.03125</ele>
      </trkpt>
      <trkpt lat="42.778208255767822" lon="24.258048534393311">
        <ele>1876.23828125</ele>
      </trkpt>
      <trkpt lat="42.777714729309082" lon="24.258842468261719">
        <ele>1883.5625</ele>
      </trkpt>
      <trkpt lat="42.777500152587891" lon="24.259035587310791">
        <ele>1888.31640625</ele>
      </trkpt>
      <trkpt lat="42.777328491210938" lon="24.259400367736816">
        <ele>1889.359375</ele>
      </trkpt>
      <trkpt lat="42.777199745178223" lon="24.25955057144165">
        <ele>1889.80078125</ele>
      </trkpt>
      <trkpt lat="42.776963710784912" lon="24.259614944458008">
        <ele>1893.8828125</ele>
      </trkpt>
      <trkpt lat="42.776749134063721" lon="24.25980806350708">
        <ele>1895.6953125</ele>
      </trkpt>
      <trkpt lat="42.776341438293457" lon="24.259915351867676">
        <ele>1900.40625</ele>
      </trkpt>
      <trkpt lat="42.775847911834717" lon="24.26006555557251">
        <ele>1908.52734375</ele>
      </trkpt>
      <trkpt lat="42.775375843048096" lon="24.260344505310059">
        <ele>1916.7421875</ele>
      </trkpt>
      <trkpt lat="42.775225639343262" lon="24.260387420654297">
        <ele>1918.92578125</ele>
      </trkpt>
      <trkpt lat="42.775118350982666" lon="24.260601997375488">
        <ele>1919.9453125</ele>
      </trkpt>
      <trkpt lat="42.774882316589355" lon="24.260773658752441">
        <ele>1923.37109375</ele>
      </trkpt>
      <trkpt lat="42.774560451507568" lon="24.26131010055542">
        <ele>1928.6875</ele>
      </trkpt>
      <trkpt lat="42.774002552032471" lon="24.261631965637207">
        <ele>1929.81640625</ele>
      </trkpt>
      <trkpt lat="42.773594856262207" lon="24.26180362701416">
        <ele>1930.31640625</ele>
      </trkpt>
      <trkpt lat="42.773401737213135" lon="24.261910915374756">
        <ele>1931.9453125</ele>
      </trkpt>
      <trkpt lat="42.772994041442871" lon="24.262039661407471">
        <ele>1932.08984375</ele>
      </trkpt>
      <trkpt lat="42.773279948160052" lon="24.261949388310313">
        <ele>1932.08984375</ele>
      </trkpt>
      <trkpt lat="42.772994041442871" lon="24.262039661407471">
        <ele>1932.08984375</ele>
      </trkpt>
      <trkpt lat="42.772929668426514" lon="24.262168407440186">
        <ele>1932.08984375</ele>
      </trkpt>
      <trkpt lat="42.772758007049561" lon="24.262211322784424">
        <ele>1931.5546875</ele>
      </trkpt>
      <trkpt lat="42.77277946472168" lon="24.262511730194092">
        <ele>1931.1640625</ele>
      </trkpt>
      <trkpt lat="42.772758007049561" lon="24.263176918029785">
        <ele>1925.88671875</ele>
      </trkpt>
      <trkpt lat="42.772736549377441" lon="24.263756275177002">
        <ele>1924.9921875</ele>
      </trkpt>
      <trkpt lat="42.772715091705322" lon="24.264206886291504">
        <ele>1924.27734375</ele>
      </trkpt>
      <trkpt lat="42.772629261016846" lon="24.265215396881104">
        <ele>1922.640625</ele>
      </trkpt>
      <trkpt lat="42.772607803344727" lon="24.265944957733154">
        <ele>1920.17578125</ele>
      </trkpt>
      <trkpt lat="42.772672176361084" lon="24.266417026519775">
        <ele>1919.03125</ele>
      </trkpt>
      <trkpt lat="42.772693634033203" lon="24.266610145568848">
        <ele>1919.3359375</ele>
      </trkpt>
      <trkpt lat="42.772650718688965" lon="24.267339706420898">
        <ele>1916.5390625</ele>
      </trkpt>
      <trkpt lat="42.772607803344727" lon="24.267854690551758">
        <ele>1915.46484375</ele>
      </trkpt>
      <trkpt lat="42.772564888000488" lon="24.268198013305664">
        <ele>1915.13671875</ele>
      </trkpt>
      <trkpt lat="42.772564888000488" lon="24.268434047698975">
        <ele>1915.0703125</ele>
      </trkpt>
      <trkpt lat="42.77252197265625" lon="24.268777370452881">
        <ele>1914.58984375</ele>
      </trkpt>
      <trkpt lat="42.772479057312012" lon="24.26905632019043">
        <ele>1913.9296875</ele>
      </trkpt>
      <trkpt lat="42.772414684295654" lon="24.269270896911621">
        <ele>1913.57421875</ele>
      </trkpt>
      <trkpt lat="42.772393226623535" lon="24.269399642944336">
        <ele>1913.97265625</ele>
      </trkpt>
      <trkpt lat="42.772350311279297" lon="24.269571304321289">
        <ele>1914.9609375</ele>
      </trkpt>
      <trkpt lat="42.772328853607178" lon="24.269721508026123">
        <ele>1915.94921875</ele>
      </trkpt>
      <trkpt lat="42.772200107574463" lon="24.270000457763672">
        <ele>1916.546875</ele>
      </trkpt>
      <trkpt lat="42.771985530853271" lon="24.270343780517578">
        <ele>1916.9375</ele>
      </trkpt>
      <trkpt lat="42.771878242492676" lon="24.270472526550293">
        <ele>1917.28515625</ele>
      </trkpt>
      <trkpt lat="42.771856784820557" lon="24.270622730255127">
        <ele>1919.20703125</ele>
      </trkpt>
      <trkpt lat="42.771899700164795" lon="24.270730018615723">
        <ele>1921.515625</ele>
      </trkpt>
      <trkpt lat="42.771921157836914" lon="24.270880222320557">
        <ele>1923.51953125</ele>
      </trkpt>
      <trkpt lat="42.771985530853271" lon="24.270966053009033">
        <ele>1924.9921875</ele>
      </trkpt>
      <trkpt lat="42.772049903869629" lon="24.270923137664795">
        <ele>1924.9921875</ele>
      </trkpt>
      <trkpt lat="42.771985530853271" lon="24.270966053009033">
        <ele>1924.9921875</ele>
      </trkpt>
      <trkpt lat="42.772049903869629" lon="24.271202087402344">
        <ele>1928.5234375</ele>
      </trkpt>
      <trkpt lat="42.772114276885986" lon="24.271674156188965">
        <ele>1934.140625</ele>
      </trkpt>
      <trkpt lat="42.772071361541748" lon="24.272317886352539">
        <ele>1943.046875</ele>
      </trkpt>
      <trkpt lat="42.772006988525391" lon="24.272961616516113">
        <ele>1951.06640625</ele>
      </trkpt>
      <trkpt lat="42.771942615509033" lon="24.273326396942139">
        <ele>1951.8203125</ele>
      </trkpt>
      <trkpt lat="42.771921157836914" lon="24.273905754089355">
        <ele>1959.10546875</ele>
      </trkpt>
      <trkpt lat="42.771878242492676" lon="24.2742919921875">
        <ele>1962.26171875</ele>
      </trkpt>
      <trkpt lat="42.771856784820557" lon="24.274957180023193">
        <ele>1966.9453125</ele>
      </trkpt>
      <trkpt lat="42.771813869476318" lon="24.275557994842529">
        <ele>1970.26171875</ele>
      </trkpt>
      <trkpt lat="42.771749496459961" lon="24.276201725006104">
        <ele>1977.9296875</ele>
      </trkpt>
      <trkpt lat="42.771663665771484" lon="24.276866912841797">
        <ele>1985.9140625</ele>
      </trkpt>
      <trkpt lat="42.771620750427246" lon="24.277639389038086">
        <ele>1999.7421875</ele>
      </trkpt>
      <trkpt lat="42.771642208099365" lon="24.278218746185303">
        <ele>2010.8671875</ele>
      </trkpt>
      <trkpt lat="42.771642208099365" lon="24.278368949890137">
        <ele>2013.86328125</ele>
      </trkpt>
      <trkpt lat="42.771706581115723" lon="24.278969764709473">
        <ele>2022.46875</ele>
      </trkpt>
      <trkpt lat="42.771728038787842" lon="24.279549121856689">
        <ele>2030.0625</ele>
      </trkpt>
      <trkpt lat="42.771706581115723" lon="24.280214309692383">
        <ele>2035.25390625</ele>
      </trkpt>
      <trkpt lat="42.771706581115723" lon="24.280729293823242">
        <ele>2039.1328125</ele>
      </trkpt>
      <trkpt lat="42.771706581115723" lon="24.280879497528076">
        <ele>2039.37890625</ele>
      </trkpt>
      <trkpt lat="42.771792411804199" lon="24.281480312347412">
        <ele>2040.59375</ele>
      </trkpt>
      <trkpt lat="42.771985530853271" lon="24.281952381134033">
        <ele>2041.44140625</ele>
      </trkpt>
      <trkpt lat="42.772157192230225" lon="24.282574653625488">
        <ele>2042.28515625</ele>
      </trkpt>
      <trkpt lat="42.772221565246582" lon="24.283196926116943">
        <ele>2042.296875</ele>
      </trkpt>
      <trkpt lat="42.772178649902344" lon="24.283604621887207">
        <ele>2043.296875</ele>
      </trkpt>
      <trkpt lat="42.772157192230225" lon="24.28403377532959">
        <ele>2044.53125</ele>
      </trkpt>
      <trkpt lat="42.772114276885986" lon="24.284462928771973">
        <ele>2045.47265625</ele>
      </trkpt>
      <trkpt lat="42.77202844619751" lon="24.284806251525879">
        <ele>2047.25390625</ele>
      </trkpt>
      <trkpt lat="42.771964073181152" lon="24.285192489624023">
        <ele>2049.4921875</ele>
      </trkpt>
      <trkpt lat="42.771964073181152" lon="24.285492897033691">
        <ele>2051.55078125</ele>
      </trkpt>
      <trkpt lat="42.771942615509033" lon="24.285643100738525">
        <ele>2051.984375</ele>
      </trkpt>
      <trkpt lat="42.771899700164795" lon="24.285793304443359">
        <ele>2051.76953125</ele>
      </trkpt>
      <trkpt lat="42.771856784820557" lon="24.286050796508789">
        <ele>2053.23046875</ele>
      </trkpt>
      <trkpt lat="42.771792411804199" lon="24.286329746246338">
        <ele>2053.23828125</ele>
      </trkpt>
      <trkpt lat="42.771792411804199" lon="24.286415576934814">
        <ele>2053.05859375</ele>
      </trkpt>
      <trkpt lat="42.771792411804199" lon="24.286565780639648">
        <ele>2052.74609375</ele>
      </trkpt>
      <trkpt lat="42.771856784820557" lon="24.286737442016602">
        <ele>2054.17578125</ele>
      </trkpt>
      <trkpt lat="42.771878242492676" lon="24.286823272705078">
        <ele>2054.671875</ele>
      </trkpt>
      <trkpt lat="42.771899700164795" lon="24.286973476409912">
        <ele>2055.16796875</ele>
      </trkpt>
      <trkpt lat="42.771985530853271" lon="24.28727388381958">
        <ele>2056.16796875</ele>
      </trkpt>
      <trkpt lat="42.77202844619751" lon="24.287552833557129">
        <ele>2053.3671875</ele>
      </trkpt>
      <trkpt lat="42.772049903869629" lon="24.287788867950439">
        <ele>2050.71484375</ele>
      </trkpt>
      <trkpt lat="42.772049903869629" lon="24.288046360015869">
        <ele>2049.1484375</ele>
      </trkpt>
      <trkpt lat="42.772049903869629" lon="24.288239479064941">
        <ele>2048.85546875</ele>
      </trkpt>
      <trkpt lat="42.772006988525391" lon="24.288539886474609">
        <ele>2046.6953125</ele>
      </trkpt>
      <trkpt lat="42.771899700164795" lon="24.289247989654541">
        <ele>2045.23046875</ele>
      </trkpt>
      <trkpt lat="42.771813869476318" lon="24.289505481719971">
        <ele>2044.6015625</ele>
      </trkpt>
      <trkpt lat="42.77177095413208" lon="24.289741516113281">
        <ele>2044.828125</ele>
      </trkpt>
      <trkpt lat="42.771792411804199" lon="24.289977550506592">
        <ele>2044.75390625</ele>
      </trkpt>
      <trkpt lat="42.77177095413208" lon="24.290170669555664">
        <ele>2045.73046875</ele>
      </trkpt>
      <trkpt lat="42.771728038787842" lon="24.290256500244141">
        <ele>2046.96484375</ele>
      </trkpt>
      <trkpt lat="42.771685123443604" lon="24.290385246276855">
        <ele>2048.1171875</ele>
      </trkpt>
      <trkpt lat="42.771599292755127" lon="24.29051399230957">
        <ele>2048.66796875</ele>
      </trkpt>
      <trkpt lat="42.77153491973877" lon="24.290556907653809">
        <ele>2048.62109375</ele>
      </trkpt>
      <trkpt lat="42.771427631378174" lon="24.290578365325928">
        <ele>2048.4921875</ele>
      </trkpt>
      <trkpt lat="42.771320343017578" lon="24.290728569030762">
        <ele>2045.98828125</ele>
      </trkpt>
      <trkpt lat="42.771213054656982" lon="24.290943145751953">
        <ele>2043.0703125</ele>
      </trkpt>
      <trkpt lat="42.770998477935791" lon="24.291372299194336">
        <ele>2034.78125</ele>
      </trkpt>
      <trkpt lat="42.7707839012146" lon="24.291694164276123">
        <ele>2028.75</ele>
      </trkpt>
      <trkpt lat="42.77052640914917" lon="24.29227352142334">
        <ele>2021.19140625</ele>
      </trkpt>
      <trkpt lat="42.770354747772217" lon="24.292788505554199">
        <ele>2014.8515625</ele>
      </trkpt>
      <trkpt lat="42.770097255706787" lon="24.293303489685059">
        <ele>2010.890625</ele>
      </trkpt>
      <trkpt lat="42.769947052001953" lon="24.293668270111084">
        <ele>2006.6953125</ele>
      </trkpt>
      <trkpt lat="42.769732475280762" lon="24.294054508209229">
        <ele>2000.16796875</ele>
      </trkpt>
      <trkpt lat="42.76951789855957" lon="24.294312000274658">
        <ele>1991.03515625</ele>
      </trkpt>
      <trkpt lat="42.769432067871094" lon="24.294590950012207">
        <ele>1981.953125</ele>
      </trkpt>
      <trkpt lat="42.769346237182617" lon="24.294912815093994">
        <ele>1971.95703125</ele>
      </trkpt>
      <trkpt lat="42.769228974357247" lon="24.295284217223525">
        <ele>1960.3359375</ele>
      </trkpt>
      <trkpt lat="42.769217491149902" lon="24.295320510864258">
        <ele>1959.390625</ele>
      </trkpt>
      <trkpt lat="42.769045829772949" lon="24.295835494995117">
        <ele>1944.72265625</ele>
      </trkpt>
      <trkpt lat="42.76902437210083" lon="24.29600715637207">
        <ele>1941.91796875</ele>
      </trkpt>
      <trkpt lat="42.768938541412354" lon="24.296157360076904">
        <ele>1937.9609375</ele>
      </trkpt>
      <trkpt lat="42.768895626068115" lon="24.29652214050293">
        <ele>1927.58203125</ele>
      </trkpt>
      <trkpt lat="42.768917083740234" lon="24.296736717224121">
        <ele>1922.31640625</ele>
      </trkpt>
      <trkpt lat="42.768895626068115" lon="24.296886920928955">
        <ele>1918.53125</ele>
      </trkpt>
      <trkpt lat="42.768809795379639" lon="24.297380447387695">
        <ele>1905.52734375</ele>
      </trkpt>
      <trkpt lat="42.768809795379639" lon="24.297895431518555">
        <ele>1895.9140625</ele>
      </trkpt>
      <trkpt lat="42.768809795379639" lon="24.298045635223389">
        <ele>1893.59375</ele>
      </trkpt>
      <trkpt lat="42.76878833770752" lon="24.298217296600342">
        <ele>1890.5703125</ele>
      </trkpt>
      <trkpt lat="42.76878833770752" lon="24.298539161682129">
        <ele>1884.37109375</ele>
      </trkpt>
      <trkpt lat="42.7687668800354" lon="24.298710823059082">
        <ele>1882.3828125</ele>
      </trkpt>
      <trkpt lat="42.768745422363281" lon="24.298839569091797">
        <ele>1880.859375</ele>
      </trkpt>
      <trkpt lat="42.768595218658447" lon="24.299139976501465">
        <ele>1877.15625</ele>
      </trkpt>
      <trkpt lat="42.768380641937256" lon="24.299461841583252">
        <ele>1874.0625</ele>
      </trkpt>
      <trkpt lat="42.768187522888184" lon="24.299719333648682">
        <ele>1871.44140625</ele>
      </trkpt>
      <trkpt lat="42.768144607543945" lon="24.300105571746826">
        <ele>1873.08984375</ele>
      </trkpt>
      <trkpt lat="42.76803731918335" lon="24.300577640533447">
        <ele>1872.87109375</ele>
      </trkpt>
      <trkpt lat="42.767908573150635" lon="24.300985336303711">
        <ele>1869.75390625</ele>
      </trkpt>
      <trkpt lat="42.767822742462158" lon="24.301350116729736">
        <ele>1865.5234375</ele>
      </trkpt>
      <trkpt lat="42.767758369445801" lon="24.301607608795166">
        <ele>1859.9375</ele>
      </trkpt>
      <trkpt lat="42.767715454101563" lon="24.301736354827881">
        <ele>1856.53125</ele>
      </trkpt>
      <trkpt lat="42.767715454101563" lon="24.301972389221191">
        <ele>1854.91796875</ele>
      </trkpt>
      <trkpt lat="42.767672538757324" lon="24.302165508270264">
        <ele>1852.453125</ele>
      </trkpt>
      <trkpt lat="42.767608165740967" lon="24.302444458007813">
        <ele>1847.4453125</ele>
      </trkpt>
      <trkpt lat="42.767586708068848" lon="24.302723407745361">
        <ele>1842.76953125</ele>
      </trkpt>
      <trkpt lat="42.767436504364014" lon="24.303174018859863">
        <ele>1835.8203125</ele>
      </trkpt>
      <trkpt lat="42.767221927642822" lon="24.303603172302246">
        <ele>1835.37890625</ele>
      </trkpt>
      <trkpt lat="42.767114639282227" lon="24.303774833679199">
        <ele>1834.8984375</ele>
      </trkpt>
      <trkpt lat="42.766985893249512" lon="24.303903579711914">
        <ele>1835.40234375</ele>
      </trkpt>
      <trkpt lat="42.766835689544678" lon="24.304225444793701">
        <ele>1837.65234375</ele>
      </trkpt>
      <trkpt lat="42.766706943511963" lon="24.304525852203369">
        <ele>1841.765625</ele>
      </trkpt>
      <trkpt lat="42.766685485839844" lon="24.304955005645752">
        <ele>1846.62109375</ele>
      </trkpt>
      <trkpt lat="42.766642570495605" lon="24.305148124694824">
        <ele>1848.26953125</ele>
      </trkpt>
      <trkpt lat="42.76653528213501" lon="24.305298328399658">
        <ele>1847.828125</ele>
      </trkpt>
      <trkpt lat="42.766406536102295" lon="24.305534362792969">
        <ele>1850.02734375</ele>
      </trkpt>
      <trkpt lat="42.766320705413818" lon="24.305813312530518">
        <ele>1855.09375</ele>
      </trkpt>
      <trkpt lat="42.766106128692627" lon="24.30649995803833">
        <ele>1864.296875</ele>
      </trkpt>
      <trkpt lat="42.765977382659912" lon="24.307079315185547">
        <ele>1873.68359375</ele>
      </trkpt>
      <trkpt lat="42.76578426361084" lon="24.307529926300049">
        <ele>1876.23828125</ele>
      </trkpt>
      <trkpt lat="42.765719890594482" lon="24.307808876037598">
        <ele>1879.53125</ele>
      </trkpt>
      <trkpt lat="42.76578426361084" lon="24.308066368103027">
        <ele>1882.3046875</ele>
      </trkpt>
      <trkpt lat="42.765462398529053" lon="24.308195114135742">
        <ele>1885.76171875</ele>
      </trkpt>
      <trkpt lat="42.765351505950093" lon="24.308251943439245">
        <ele>1889.39453125</ele>
      </trkpt>
      <trkpt lat="42.764668464660645" lon="24.308602809906006">
        <ele>1902.55078125</ele>
      </trkpt>
      <trkpt lat="42.764132022857666" lon="24.309160709381104">
        <ele>1914.359375</ele>
      </trkpt>
      <trkpt lat="42.763724327087402" lon="24.309911727905273">
        <ele>1934.109375</ele>
      </trkpt>
      <trkpt lat="42.763381004333496" lon="24.310727119445801">
        <ele>1951.34765625</ele>
      </trkpt>
      <trkpt lat="42.763166427612305" lon="24.311285018920898">
        <ele>1956.6484375</ele>
      </trkpt>
      <trkpt lat="42.762973308563232" lon="24.311671257019043">
        <ele>1961.21875</ele>
      </trkpt>
      <trkpt lat="42.762458324432373" lon="24.312400817871094">
        <ele>1976.9921875</ele>
      </trkpt>
      <trkpt lat="42.762200832366943" lon="24.312872886657715">
        <ele>1982.77734375</ele>
      </trkpt>
      <trkpt lat="42.76202917098999" lon="24.313623905181885">
        <ele>1982.28515625</ele>
      </trkpt>
      <trkpt lat="42.761943340301514" lon="24.31450366973877">
        <ele>1976.03515625</ele>
      </trkpt>
      <trkpt lat="42.761878967285156" lon="24.315619468688965">
        <ele>1972.2578125</ele>
      </trkpt>
      <trkpt lat="42.761836051940918" lon="24.316606521606445">
        <ele>1976.44921875</ele>
      </trkpt>
      <trkpt lat="42.761728763580322" lon="24.317421913146973">
        <ele>1985.859375</ele>
      </trkpt>
      <trkpt lat="42.761514186859131" lon="24.318065643310547">
        <ele>1987.66796875</ele>
      </trkpt>
      <trkpt lat="42.761085033416748" lon="24.319074153900146">
        <ele>1990.01171875</ele>
      </trkpt>
      <trkpt lat="42.760956287384033" lon="24.319396018981934">
        <ele>1991.90625</ele>
      </trkpt>
      <trkpt lat="42.760612964630127" lon="24.320511817932129">
        <ele>2005.33984375</ele>
      </trkpt>
      <trkpt lat="42.760183811187744" lon="24.321885108947754">
        <ele>2026.07421875</ele>
      </trkpt>
      <trkpt lat="42.759861946105957" lon="24.322850704193115">
        <ele>2038.25</ele>
      </trkpt>
      <trkpt lat="42.759175300598145" lon="24.323880672454834">
        <ele>2031.21875</ele>
      </trkpt>
      <trkpt lat="42.758399806916714" lon="24.325051791965961">
        <ele>2020.90625</ele>
      </trkpt>
      <trkpt lat="42.758424282073975" lon="24.325082302093506">
        <ele>2020.859375</ele>
      </trkpt>
      <trkpt lat="42.758399806916714" lon="24.325051791965961">
        <ele>2020.90625</ele>
      </trkpt>
      <trkpt lat="42.758123874664307" lon="24.32546854019165">
        <ele>2013.51953125</ele>
      </trkpt>
      <trkpt lat="42.757265567779541" lon="24.326841831207275">
        <ele>2002.8046875</ele>
      </trkpt>
      <trkpt lat="42.756557464599609" lon="24.327764511108398">
        <ele>1993.6640625</ele>
      </trkpt>
      <trkpt lat="42.756063938140869" lon="24.328386783599854">
        <ele>1986.1640625</ele>
      </trkpt>
      <trkpt lat="42.755441665649414" lon="24.329137802124023">
        <ele>1973.4765625</ele>
      </trkpt>
      <trkpt lat="42.755162715911865" lon="24.329438209533691">
        <ele>1967.40234375</ele>
      </trkpt>
      <trkpt lat="42.754647731781006" lon="24.329931735992432">
        <ele>1957.0546875</ele>
      </trkpt>
      <trkpt lat="42.753961086273193" lon="24.330446720123291">
        <ele>1937.296875</ele>
      </trkpt>
      <trkpt lat="42.753145694732666" lon="24.331111907958984">
        <ele>1920.25</ele>
      </trkpt>
      <trkpt lat="42.752437591552734" lon="24.331691265106201">
        <ele>1908.46875</ele>
      </trkpt>
      <trkpt lat="42.751879692077637" lon="24.33222770690918">
        <ele>1898.43359375</ele>
      </trkpt>
      <trkpt lat="42.751429080963135" lon="24.332613945007324">
        <ele>1890.3203125</ele>
      </trkpt>
      <trkpt lat="42.751171588897705" lon="24.333043098449707">
        <ele>1886.48046875</ele>
      </trkpt>
      <trkpt lat="42.750957012176514" lon="24.333493709564209">
        <ele>1881.59765625</ele>
      </trkpt>
      <trkpt lat="42.750720977783203" lon="24.334094524383545">
        <ele>1878.08203125</ele>
      </trkpt>
      <trkpt lat="42.750463485717773" lon="24.334609508514404">
        <ele>1869.7578125</ele>
      </trkpt>
      <trkpt lat="42.750205993652344" lon="24.335145950317383">
        <ele>1863.58984375</ele>
      </trkpt>
      <trkpt lat="42.75005578994751" lon="24.335639476776123">
        <ele>1863.6640625</ele>
      </trkpt>
      <trkpt lat="42.749991416931152" lon="24.336025714874268">
        <ele>1866.19921875</ele>
      </trkpt>
      <trkpt lat="42.749905586242676" lon="24.336519241333008">
        <ele>1873.35546875</ele>
      </trkpt>
      <trkpt lat="42.749905586242676" lon="24.337356090545654">
        <ele>1882.421875</ele>
      </trkpt>
      <trkpt lat="42.749948501586914" lon="24.337871074676514">
        <ele>1886.05078125</ele>
      </trkpt>
      <trkpt lat="42.749948501586914" lon="24.33847188949585">
        <ele>1889.88671875</ele>
      </trkpt>
      <trkpt lat="42.749990159645677" lon="24.338659476488829">
        <ele>1891.2265625</ele>
      </trkpt>
      <trkpt lat="42.750034332275391" lon="24.338858127593994">
        <ele>1892.6875</ele>
      </trkpt>
      <trkpt lat="42.75005578994751" lon="24.339008331298828">
        <ele>1893.85546875</ele>
      </trkpt>
      <trkpt lat="42.750098705291748" lon="24.339351654052734">
        <ele>1896.55859375</ele>
      </trkpt>
      <trkpt lat="42.750120162963867" lon="24.339566230773926">
        <ele>1898.55078125</ele>
      </trkpt>
      <trkpt lat="42.750248908996582" lon="24.340059757232666">
        <ele>1905.5546875</ele>
      </trkpt>
      <trkpt lat="42.75054931640625" lon="24.340724945068359">
        <ele>1921.49609375</ele>
      </trkpt>
      <trkpt lat="42.750763893127441" lon="24.341089725494385">
        <ele>1928.75390625</ele>
      </trkpt>
      <trkpt lat="42.750999927520752" lon="24.341390132904053">
        <ele>1935.18359375</ele>
      </trkpt>
      <trkpt lat="42.751386165618896" lon="24.341883659362793">
        <ele>1946.99609375</ele>
      </trkpt>
      <trkpt lat="42.751750946044922" lon="24.342269897460938">
        <ele>1957.6328125</ele>
      </trkpt>
      <trkpt lat="42.752094268798828" lon="24.34269905090332">
        <ele>1968.4140625</ele>
      </trkpt>
      <trkpt lat="42.752480506896973" lon="24.343106746673584">
        <ele>1979.86328125</ele>
      </trkpt>
      <trkpt lat="42.75280237197876" lon="24.343514442443848">
        <ele>1991.72265625</ele>
      </trkpt>
      <trkpt lat="42.75303840637207" lon="24.343793392181396">
        <ele>1997.28515625</ele>
      </trkpt>
      <trkpt lat="42.753167152404785" lon="24.344115257263184">
        <ele>1995.66796875</ele>
      </trkpt>
      <trkpt lat="42.753124237060547" lon="24.34445858001709">
        <ele>1987.61328125</ele>
      </trkpt>
      <trkpt lat="42.753102779388428" lon="24.344673156738281">
        <ele>1980.89453125</ele>
      </trkpt>
      <trkpt lat="42.753102779388428" lon="24.34495210647583">
        <ele>1972.93359375</ele>
      </trkpt>
      <trkpt lat="42.753102779388428" lon="24.345617294311523">
        <ele>1955.7265625</ele>
      </trkpt>
      <trkpt lat="42.753059864044189" lon="24.346024990081787">
        <ele>1946.59375</ele>
      </trkpt>
      <trkpt lat="42.753016948699951" lon="24.346797466278076">
        <ele>1932.12109375</ele>
      </trkpt>
      <trkpt lat="42.753016948699951" lon="24.34769868850708">
        <ele>1918.1640625</ele>
      </trkpt>
      <trkpt lat="42.753102779388428" lon="24.348342418670654">
        <ele>1910.8359375</ele>
      </trkpt>
      <trkpt lat="42.753167152404785" lon="24.348878860473633">
        <ele>1905.8359375</ele>
      </trkpt>
      <trkpt lat="42.753252983093262" lon="24.349243640899658">
        <ele>1905.39453125</ele>
      </trkpt>
      <trkpt lat="42.753338813781738" lon="24.349801540374756">
        <ele>1905.62109375</ele>
      </trkpt>
      <trkpt lat="42.753489017486572" lon="24.350230693817139">
        <ele>1909.515625</ele>
      </trkpt>
      <trkpt lat="42.753682136535645" lon="24.351024627685547">
        <ele>1919.8671875</ele>
      </trkpt>
      <trkpt lat="42.753918170928955" lon="24.351603984832764">
        <ele>1932.3984375</ele>
      </trkpt>
      <trkpt lat="42.75428295135498" lon="24.352419376373291">
        <ele>1950.5390625</ele>
      </trkpt>
      <trkpt lat="42.754390239715576" lon="24.352719783782959">
        <ele>1957.06640625</ele>
      </trkpt>
      <trkpt lat="42.754583358764648" lon="24.35319185256958">
        <ele>1969.16796875</ele>
      </trkpt>
      <trkpt lat="42.754733562469482" lon="24.353749752044678">
        <ele>1980.05078125</ele>
      </trkpt>
      <trkpt lat="42.754840850830078" lon="24.354050159454346">
        <ele>1985.87109375</ele>
      </trkpt>
      <trkpt lat="42.75505542755127" lon="24.354307651519775">
        <ele>1989.50390625</ele>
      </trkpt>
      <trkpt lat="42.755098342895508" lon="24.354479312896729">
        <ele>1989.41015625</ele>
      </trkpt>
      <trkpt lat="42.754948139190674" lon="24.354629516601563">
        <ele>1989.58984375</ele>
      </trkpt>
      <trkpt lat="42.754669189453125" lon="24.354994297027588">
        <ele>1987.08984375</ele>
      </trkpt>
      <trkpt lat="42.754561901092529" lon="24.35518741607666">
        <ele>1983.70703125</ele>
      </trkpt>
      <trkpt lat="42.75432444177568" lon="24.355528727173805">
        <ele>1973.4609375</ele>
      </trkpt>
      <trkpt lat="42.754218578338623" lon="24.3556809425354">
        <ele>1968.52734375</ele>
      </trkpt>
      <trkpt lat="42.754175662994385" lon="24.35593843460083">
        <ele>1963.25</ele>
      </trkpt>
      <trkpt lat="42.754089832305908" lon="24.356131553649902">
        <ele>1957.71875</ele>
      </trkpt>
      <trkpt lat="42.753939628601074" lon="24.356517791748047">
        <ele>1947.390625</ele>
      </trkpt>
      <trkpt lat="42.753725051879883" lon="24.357011318206787">
        <ele>1930.31640625</ele>
      </trkpt>
      <trkpt lat="42.75355339050293" lon="24.357376098632813">
        <ele>1919.953125</ele>
      </trkpt>
      <trkpt lat="42.753338813781738" lon="24.357955455780029">
        <ele>1912.45703125</ele>
      </trkpt>
      <trkpt lat="42.7532958984375" lon="24.358363151550293">
        <ele>1909.73828125</ele>
      </trkpt>
      <trkpt lat="42.753231525421143" lon="24.358727931976318">
        <ele>1903.35546875</ele>
      </trkpt>
      <trkpt lat="42.75303840637207" lon="24.35943603515625">
        <ele>1897.8984375</ele>
      </trkpt>
      <trkpt lat="42.752931118011475" lon="24.359757900238037">
        <ele>1896.59375</ele>
      </trkpt>
      <trkpt lat="42.75280237197876" lon="24.360208511352539">
        <ele>1895.296875</ele>
      </trkpt>
      <trkpt lat="42.752587795257568" lon="24.360702037811279">
        <ele>1893.5078125</ele>
      </trkpt>
      <trkpt lat="42.752265930175781" lon="24.361152648925781">
        <ele>1895.83203125</ele>
      </trkpt>
      <trkpt lat="42.752029895782471" lon="24.361624717712402">
        <ele>1898.6875</ele>
      </trkpt>
      <trkpt lat="42.751836776733398" lon="24.361817836761475">
        <ele>1896.09375</ele>
      </trkpt>
      <trkpt lat="42.751772403717041" lon="24.361882209777832">
        <ele>1895.44140625</ele>
      </trkpt>
      <trkpt lat="42.751729488372803" lon="24.361968040466309">
        <ele>1895.9140625</ele>
      </trkpt>
      <trkpt lat="42.751643657684326" lon="24.362289905548096">
        <ele>1897.875</ele>
      </trkpt>
      <trkpt lat="42.75153636932373" lon="24.362461566925049">
        <ele>1897.5625</ele>
      </trkpt>
      <trkpt lat="42.751471996307373" lon="24.362525939941406">
        <ele>1897.1796875</ele>
      </trkpt>
      <trkpt lat="42.751450538635254" lon="24.362611770629883">
        <ele>1897.58984375</ele>
      </trkpt>
      <trkpt lat="42.751407623291016" lon="24.362719058990479">
        <ele>1897.828125</ele>
      </trkpt>
      <trkpt lat="42.751386165618896" lon="24.362761974334717">
        <ele>1897.875</ele>
      </trkpt>
      <trkpt lat="42.751364707946777" lon="24.362869262695313">
        <ele>1898.484375</ele>
      </trkpt>
      <trkpt lat="42.75130033493042" lon="24.362912178039551">
        <ele>1897.875</ele>
      </trkpt>
      <trkpt lat="42.751257419586182" lon="24.362955093383789">
        <ele>1897.51953125</ele>
      </trkpt>
      <trkpt lat="42.751214504241943" lon="24.363083839416504">
        <ele>1897.73046875</ele>
      </trkpt>
      <trkpt lat="42.751150131225586" lon="24.363276958465576">
        <ele>1898.25</ele>
      </trkpt>
      <trkpt lat="42.751107215881348" lon="24.36342716217041">
        <ele>1898.7734375</ele>
      </trkpt>
      <trkpt lat="42.750935554504395" lon="24.363749027252197">
        <ele>1898.72265625</ele>
      </trkpt>
      <trkpt lat="42.750892639160156" lon="24.363899230957031">
        <ele>1898.1484375</ele>
      </trkpt>
      <trkpt lat="42.750785350799561" lon="24.364049434661865">
        <ele>1895.70703125</ele>
      </trkpt>
      <trkpt lat="42.750699520111084" lon="24.364457130432129">
        <ele>1895.23046875</ele>
      </trkpt>
      <trkpt lat="42.750656604766846" lon="24.364843368530273">
        <ele>1894.5703125</ele>
      </trkpt>
      <trkpt lat="42.750570774078369" lon="24.365336894989014">
        <ele>1890.1328125</ele>
      </trkpt>
      <trkpt lat="42.750592231750488" lon="24.365658760070801">
        <ele>1890.828125</ele>
      </trkpt>
      <trkpt lat="42.750699520111084" lon="24.365830421447754">
        <ele>1894.91015625</ele>
      </trkpt>
      <trkpt lat="42.75080680847168" lon="24.365959167480469">
        <ele>1899.40234375</ele>
      </trkpt>
      <trkpt lat="42.751193046569824" lon="24.366538524627686">
        <ele>1912.98828125</ele>
      </trkpt>
      <trkpt lat="42.751471996307373" lon="24.367010593414307">
        <ele>1922.8515625</ele>
      </trkpt>
      <trkpt lat="42.751729488372803" lon="24.367375373840332">
        <ele>1925.99609375</ele>
      </trkpt>
      <trkpt lat="42.752029895782471" lon="24.367911815643311">
        <ele>1927.140625</ele>
      </trkpt>
      <trkpt lat="42.75205135345459" lon="24.368040561676025">
        <ele>1927.4765625</ele>
      </trkpt>
      <trkpt lat="42.75205135345459" lon="24.368126392364502">
        <ele>1928.03125</ele>
      </trkpt>
      <trkpt lat="42.751922607421875" lon="24.368405342102051">
        <ele>1931.8046875</ele>
      </trkpt>
      <trkpt lat="42.751750946044922" lon="24.368705749511719">
        <ele>1934.59375</ele>
      </trkpt>
      <trkpt lat="42.751364707946777" lon="24.369392395019531">
        <ele>1932.984375</ele>
      </trkpt>
      <trkpt lat="42.751021385192871" lon="24.36992883682251">
        <ele>1931.37109375</ele>
      </trkpt>
      <trkpt lat="42.750699520111084" lon="24.370357990264893">
        <ele>1931.5625</ele>
      </trkpt>
      <trkpt lat="42.750534815713763" lon="24.370569717139006">
        <ele>1931.421875</ele>
      </trkpt>
      <trkpt lat="42.750248908996582" lon="24.370937347412109">
        <ele>1932.99609375</ele>
      </trkpt>
      <trkpt lat="42.749991416931152" lon="24.371302127838135">
        <ele>1933.4453125</ele>
      </trkpt>
      <trkpt lat="42.749648094177246" lon="24.371988773345947">
        <ele>1930.40234375</ele>
      </trkpt>
      <trkpt lat="42.749583721160889" lon="24.372203350067139">
        <ele>1928.9921875</ele>
      </trkpt>
      <trkpt lat="42.749369144439697" lon="24.372975826263428">
        <ele>1923.12890625</ele>
      </trkpt>
      <trkpt lat="42.74930477142334" lon="24.373147487640381">
        <ele>1921.48046875</ele>
      </trkpt>
      <trkpt lat="42.749283313751221" lon="24.373641014099121">
        <ele>1916.94140625</ele>
      </trkpt>
      <trkpt lat="42.749261856079102" lon="24.373941421508789">
        <ele>1916.51171875</ele>
      </trkpt>
      <trkpt lat="42.749240398406982" lon="24.374327659606934">
        <ele>1919.32421875</ele>
      </trkpt>
      <trkpt lat="42.749283313751221" lon="24.374585151672363">
        <ele>1919.65625</ele>
      </trkpt>
      <trkpt lat="42.749326229095459" lon="24.374778270721436">
        <ele>1920.9140625</ele>
      </trkpt>
      <trkpt lat="42.749369144439697" lon="24.374949932098389">
        <ele>1922.20703125</ele>
      </trkpt>
      <trkpt lat="42.749433517456055" lon="24.375100135803223">
        <ele>1923.0234375</ele>
      </trkpt>
      <trkpt lat="42.74954080581665" lon="24.375357627868652">
        <ele>1924.87890625</ele>
      </trkpt>
      <trkpt lat="42.749648094177246" lon="24.375808238983154">
        <ele>1928.6328125</ele>
      </trkpt>
      <trkpt lat="42.749712467193604" lon="24.376044273376465">
        <ele>1928.4453125</ele>
      </trkpt>
      <trkpt lat="42.749712467193604" lon="24.376130104064941">
        <ele>1929.27734375</ele>
      </trkpt>
      <trkpt lat="42.749712467193604" lon="24.376258850097656">
        <ele>1930.53125</ele>
      </trkpt>
      <trkpt lat="42.749691009521484" lon="24.376366138458252">
        <ele>1931.8515625</ele>
      </trkpt>
      <trkpt lat="42.749669551849365" lon="24.376451969146729">
        <ele>1933.16796875</ele>
      </trkpt>
      <trkpt lat="42.74954080581665" lon="24.376709461212158">
        <ele>1939.75390625</ele>
      </trkpt>
      <trkpt lat="42.749347686767578" lon="24.377074241638184">
        <ele>1946.82421875</ele>
      </trkpt>
      <trkpt lat="42.749111652374268" lon="24.377481937408447">
        <ele>1947.4296875</ele>
      </trkpt>
      <trkpt lat="42.749004364013672" lon="24.377717971801758">
        <ele>1947.359375</ele>
      </trkpt>
      <trkpt lat="42.748897075653076" lon="24.377996921539307">
        <ele>1945.078125</ele>
      </trkpt>
      <trkpt lat="42.74878978729248" lon="24.378297328948975">
        <ele>1942.6328125</ele>
      </trkpt>
      <trkpt lat="42.748703956604004" lon="24.378619194030762">
        <ele>1940.8203125</ele>
      </trkpt>
      <trkpt lat="42.748639583587646" lon="24.379005432128906">
        <ele>1939.2734375</ele>
      </trkpt>
      <trkpt lat="42.748596668243408" lon="24.37941312789917">
        <ele>1938.18359375</ele>
      </trkpt>
      <trkpt lat="42.748596668243408" lon="24.379734992980957">
        <ele>1938.66015625</ele>
      </trkpt>
      <trkpt lat="42.748639583587646" lon="24.379992485046387">
        <ele>1939.73046875</ele>
      </trkpt>
      <trkpt lat="42.748703956604004" lon="24.380185604095459">
        <ele>1940.625</ele>
      </trkpt>
      <trkpt lat="42.74878978729248" lon="24.380443096160889">
        <ele>1943.46875</ele>
      </trkpt>
      <trkpt lat="42.748875617980957" lon="24.380722045898438">
        <ele>1947.41796875</ele>
      </trkpt>
      <trkpt lat="42.748918533325195" lon="24.380936622619629">
        <ele>1951.671875</ele>
      </trkpt>
      <trkpt lat="42.748961448669434" lon="24.381172657012939">
        <ele>1958.734375</ele>
      </trkpt>
      <trkpt lat="42.74904727935791" lon="24.381430149078369">
        <ele>1965.10546875</ele>
      </trkpt>
      <trkpt lat="42.749154567718506" lon="24.381730556488037">
        <ele>1973.39453125</ele>
      </trkpt>
      <trkpt lat="42.749261856079102" lon="24.382009506225586">
        <ele>1980.3203125</ele>
      </trkpt>
      <trkpt lat="42.74930477142334" lon="24.38215970993042">
        <ele>1983.19140625</ele>
      </trkpt>
      <trkpt lat="42.74930477142334" lon="24.382309913635254">
        <ele>1986.65234375</ele>
      </trkpt>
      <trkpt lat="42.749347686767578" lon="24.382674694061279">
        <ele>1994.06640625</ele>
      </trkpt>
      <trkpt lat="42.749390602111816" lon="24.382932186126709">
        <ele>2000.046875</ele>
      </trkpt>
      <trkpt lat="42.749476432800293" lon="24.383125305175781">
        <ele>2005.83984375</ele>
      </trkpt>
      <trkpt lat="42.74956226348877" lon="24.383296966552734">
        <ele>2010.20703125</ele>
      </trkpt>
      <trkpt lat="42.749648094177246" lon="24.383468627929688">
        <ele>2014.40234375</ele>
      </trkpt>
      <trkpt lat="42.749648094177246" lon="24.383554458618164">
        <ele>2016.47265625</ele>
      </trkpt>
      <trkpt lat="42.749669551849365" lon="24.38366174697876">
        <ele>2018.6171875</ele>
      </trkpt>
      <trkpt lat="42.749712467193604" lon="24.383790493011475">
        <ele>2021.12890625</ele>
      </trkpt>
      <trkpt lat="42.749733924865723" lon="24.384026527404785">
        <ele>2027.73828125</ele>
      </trkpt>
      <trkpt lat="42.749691009521484" lon="24.384176731109619">
        <ele>2031.5625</ele>
      </trkpt>
      <trkpt lat="42.749669551849365" lon="24.384348392486572">
        <ele>2035.984375</ele>
      </trkpt>
      <trkpt lat="42.749712467193604" lon="24.384498596191406">
        <ele>2040.26953125</ele>
      </trkpt>
      <trkpt lat="42.749733924865723" lon="24.384670257568359">
        <ele>2045.26171875</ele>
      </trkpt>
      <trkpt lat="42.749776840209961" lon="24.384992122650146">
        <ele>2053.8984375</ele>
      </trkpt>
      <trkpt lat="42.749862670898438" lon="24.385271072387695">
        <ele>2059.2421875</ele>
      </trkpt>
      <trkpt lat="42.749969959259033" lon="24.385635852813721">
        <ele>2066.63671875</ele>
      </trkpt>
      <trkpt lat="42.750077247619629" lon="24.385979175567627">
        <ele>2071.84375</ele>
      </trkpt>
      <trkpt lat="42.750205993652344" lon="24.386343955993652">
        <ele>2073.953125</ele>
      </trkpt>
      <trkpt lat="42.750334739685059" lon="24.386687278747559">
        <ele>2078.14453125</ele>
      </trkpt>
      <trkpt lat="42.750377655029297" lon="24.386923313140869">
        <ele>2082.4921875</ele>
      </trkpt>
      <trkpt lat="42.750377655029297" lon="24.387116432189941">
        <ele>2087.13671875</ele>
      </trkpt>
      <trkpt lat="42.750420570373535" lon="24.387288093566895">
        <ele>2090.51953125</ele>
      </trkpt>
      <trkpt lat="42.75054931640625" lon="24.38739538192749">
        <ele>2090.68359375</ele>
      </trkpt>
      <trkpt lat="42.750613689422607" lon="24.387502670288086">
        <ele>2090.51953125</ele>
      </trkpt>
      <trkpt lat="42.75080680847168" lon="24.387974739074707">
        <ele>2092.453125</ele>
      </trkpt>
      <trkpt lat="42.750859195366502" lon="24.388089990243316">
        <ele>2093.828125</ele>
      </trkpt>
      <trkpt lat="42.750914096832275" lon="24.388210773468018">
        <ele>2095.203125</ele>
      </trkpt>
      <trkpt lat="42.750935554504395" lon="24.388360977172852">
        <ele>2096.86328125</ele>
      </trkpt>
      <trkpt lat="42.750957012176514" lon="24.388575553894043">
        <ele>2100.6953125</ele>
      </trkpt>
      <trkpt lat="42.750999927520752" lon="24.388790130615234">
        <ele>2104.76171875</ele>
      </trkpt>
      <trkpt lat="42.751021385192871" lon="24.388854503631592">
        <ele>2105.5</ele>
      </trkpt>
      <trkpt lat="42.751085758209229" lon="24.38889741897583">
        <ele>2105.0859375</ele>
      </trkpt>
      <trkpt lat="42.751128673553467" lon="24.388983249664307">
        <ele>2106.140625</ele>
      </trkpt>
      <trkpt lat="42.751150131225586" lon="24.389197826385498">
        <ele>2110.58984375</ele>
      </trkpt>
      <trkpt lat="42.751171588897705" lon="24.389326572418213">
        <ele>2113.31640625</ele>
      </trkpt>
      <trkpt lat="42.751150131225586" lon="24.389498233795166">
        <ele>2117.05859375</ele>
      </trkpt>
      <trkpt lat="42.751150131225586" lon="24.389605522155762">
        <ele>2118.86328125</ele>
      </trkpt>
      <trkpt lat="42.751193046569824" lon="24.389669895172119">
        <ele>2118.6015625</ele>
      </trkpt>
      <trkpt lat="42.751257419586182" lon="24.389755725860596">
        <ele>2116.828125</ele>
      </trkpt>
      <trkpt lat="42.751321792602539" lon="24.389863014221191">
        <ele>2115.83984375</ele>
      </trkpt>
      <trkpt lat="42.751364707946777" lon="24.389948844909668">
        <ele>2115.3046875</ele>
      </trkpt>
      <trkpt lat="42.751343250274658" lon="24.390120506286621">
        <ele>2116.55078125</ele>
      </trkpt>
      <trkpt lat="42.751343250274658" lon="24.390249252319336">
        <ele>2116.63671875</ele>
      </trkpt>
      <trkpt lat="42.751386165618896" lon="24.390377998352051">
        <ele>2115.9765625</ele>
      </trkpt>
      <trkpt lat="42.751364707946777" lon="24.390506744384766">
        <ele>2115.6171875</ele>
      </trkpt>
      <trkpt lat="42.751343250274658" lon="24.390592575073242">
        <ele>2115.2890625</ele>
      </trkpt>
      <trkpt lat="42.751278877258301" lon="24.390828609466553">
        <ele>2114.46484375</ele>
      </trkpt>
      <trkpt lat="42.751257419586182" lon="24.390914440155029">
        <ele>2114.1328125</ele>
      </trkpt>
      <trkpt lat="42.751214504241943" lon="24.391000270843506">
        <ele>2113.91796875</ele>
      </trkpt>
      <trkpt lat="42.751214504241943" lon="24.391086101531982">
        <ele>2112.59765625</ele>
      </trkpt>
      <trkpt lat="42.751235961914063" lon="24.391193389892578">
        <ele>2110.6171875</ele>
      </trkpt>
      <trkpt lat="42.751278877258301" lon="24.39138650894165">
        <ele>2107.38671875</ele>
      </trkpt>
      <trkpt lat="42.751278877258301" lon="24.391558170318604">
        <ele>2105.5390625</ele>
      </trkpt>
      <trkpt lat="42.751257419586182" lon="24.391772747039795">
        <ele>2105.23046875</ele>
      </trkpt>
      <trkpt lat="42.751214504241943" lon="24.392116069793701">
        <ele>2103.9921875</ele>
      </trkpt>
      <trkpt lat="42.751257419586182" lon="24.392437934875488">
        <ele>2104.2578125</ele>
      </trkpt>
      <trkpt lat="42.751278877258301" lon="24.392695426940918">
        <ele>2106.515625</ele>
      </trkpt>
      <trkpt lat="42.751343250274658" lon="24.393167495727539">
        <ele>2113.27734375</ele>
      </trkpt>
      <trkpt lat="42.751343250274658" lon="24.393424987792969">
        <ele>2117.234375</ele>
      </trkpt>
      <trkpt lat="42.751364707946777" lon="24.393789768218994">
        <ele>2120.22265625</ele>
      </trkpt>
      <trkpt lat="42.751321792602539" lon="24.394326210021973">
        <ele>2124.6796875</ele>
      </trkpt>
      <trkpt lat="42.75130033493042" lon="24.394819736480713">
        <ele>2128.63671875</ele>
      </trkpt>
      <trkpt lat="42.75130033493042" lon="24.395120143890381">
        <ele>2130.94140625</ele>
      </trkpt>
      <trkpt lat="42.751321792602539" lon="24.39539909362793">
        <ele>2131.9765625</ele>
      </trkpt>
      <trkpt lat="42.75130033493042" lon="24.395678043365479">
        <ele>2134.06640625</ele>
      </trkpt>
      <trkpt lat="42.75130033493042" lon="24.395978450775146">
        <ele>2136.375</ele>
      </trkpt>
      <trkpt lat="42.751321792602539" lon="24.396257400512695">
        <ele>2138.4375</ele>
      </trkpt>
      <trkpt lat="42.751343250274658" lon="24.396557807922363">
        <ele>2138.6953125</ele>
      </trkpt>
      <trkpt lat="42.751343250274658" lon="24.396729469299316">
        <ele>2140.015625</ele>
      </trkpt>
      <trkpt lat="42.751364707946777" lon="24.396944046020508">
        <ele>2142.41015625</ele>
      </trkpt>
      <trkpt lat="42.751386165618896" lon="24.397330284118652">
        <ele>2146.26171875</ele>
      </trkpt>
      <trkpt lat="42.751407623291016" lon="24.397566318511963">
        <ele>2148.23828125</ele>
      </trkpt>
      <trkpt lat="42.751407623291016" lon="24.397866725921631">
        <ele>2150.32421875</ele>
      </trkpt>
      <trkpt lat="42.751429080963135" lon="24.39838171005249">
        <ele>2154.95703125</ele>
      </trkpt>
      <trkpt lat="42.751450538635254" lon="24.398918151855469">
        <ele>2159.1875</ele>
      </trkpt>
      <trkpt lat="42.751471996307373" lon="24.399304389953613">
        <ele>2161.9375</ele>
      </trkpt>
      <trkpt lat="42.751493453979492" lon="24.399518966674805">
        <ele>2163.5859375</ele>
      </trkpt>
      <trkpt lat="42.75155782699585" lon="24.399905204772949">
        <ele>2165.46875</ele>
      </trkpt>
      <trkpt lat="42.751643657684326" lon="24.400441646575928">
        <ele>2170.6796875</ele>
      </trkpt>
      <trkpt lat="42.75179386138916" lon="24.401021003723145">
        <ele>2175.2265625</ele>
      </trkpt>
      <trkpt lat="42.751944065093994" lon="24.401686191558838">
        <ele>2179.953125</ele>
      </trkpt>
      <trkpt lat="42.752008438110352" lon="24.401965141296387">
        <ele>2181.109375</ele>
      </trkpt>
      <trkpt lat="42.752072811126709" lon="24.402351379394531">
        <ele>2183.22265625</ele>
      </trkpt>
      <trkpt lat="42.752180099487305" lon="24.402823448181152">
        <ele>2185.125</ele>
      </trkpt>
      <trkpt lat="42.7522873878479" lon="24.403274059295654">
        <ele>2187.5078125</ele>
      </trkpt>
      <trkpt lat="42.752394676208496" lon="24.403724670410156">
        <ele>2189.5078125</ele>
      </trkpt>
      <trkpt lat="42.752480506896973" lon="24.404089450836182">
        <ele>2189.640625</ele>
      </trkpt>
      <trkpt lat="42.752523422241211" lon="24.40436840057373">
        <ele>2189.71875</ele>
      </trkpt>
      <trkpt lat="42.75254487991333" lon="24.404540061950684">
        <ele>2189.7578125</ele>
      </trkpt>
      <trkpt lat="42.752523422241211" lon="24.404668807983398">
        <ele>2189.94140625</ele>
      </trkpt>
      <trkpt lat="42.752501964569092" lon="24.404990673065186">
        <ele>2190.10546875</ele>
      </trkpt>
      <trkpt lat="42.752459049224854" lon="24.405312538146973">
        <ele>2190.43359375</ele>
      </trkpt>
      <trkpt lat="42.752416133880615" lon="24.405612945556641">
        <ele>2190.765625</ele>
      </trkpt>
      <trkpt lat="42.7522873878479" lon="24.406170845031738">
        <ele>2190.15234375</ele>
      </trkpt>
      <trkpt lat="42.752201557159424" lon="24.406428337097168">
        <ele>2190.28125</ele>
      </trkpt>
      <trkpt lat="42.752115726470947" lon="24.406750202178955">
        <ele>2190.94140625</ele>
      </trkpt>
      <trkpt lat="42.752072811126709" lon="24.406986236572266">
        <ele>2190.92578125</ele>
      </trkpt>
      <trkpt lat="42.752029895782471" lon="24.407007694244385">
        <ele>2191.46875</ele>
      </trkpt>
      <trkpt lat="42.752072811126709" lon="24.407007526606321">
        <ele>2190.88671875</ele>
      </trkpt>
      <trkpt lat="42.752115726470947" lon="24.406750202178955">
        <ele>2190.94140625</ele>
      </trkpt>
      <trkpt lat="42.752201557159424" lon="24.406428337097168">
        <ele>2190.28125</ele>
      </trkpt>
      <trkpt lat="42.7522873878479" lon="24.406170845031738">
        <ele>2190.15234375</ele>
      </trkpt>
      <trkpt lat="42.752416133880615" lon="24.405612945556641">
        <ele>2190.765625</ele>
      </trkpt>
      <trkpt lat="42.752459049224854" lon="24.405312538146973">
        <ele>2190.43359375</ele>
      </trkpt>
      <trkpt lat="42.752501964569092" lon="24.404990673065186">
        <ele>2190.10546875</ele>
      </trkpt>
      <trkpt lat="42.752523422241211" lon="24.404668807983398">
        <ele>2189.94140625</ele>
      </trkpt>
      <trkpt lat="42.75254487991333" lon="24.404540061950684">
        <ele>2189.7578125</ele>
      </trkpt>
      <trkpt lat="42.752523422241211" lon="24.40436840057373">
        <ele>2189.71875</ele>
      </trkpt>
      <trkpt lat="42.752480506896973" lon="24.404089450836182">
        <ele>2189.640625</ele>
      </trkpt>
      <trkpt lat="42.752394676208496" lon="24.403724670410156">
        <ele>2189.5078125</ele>
      </trkpt>
      <trkpt lat="42.7522873878479" lon="24.403274059295654">
        <ele>2187.5078125</ele>
      </trkpt>
      <trkpt lat="42.752180099487305" lon="24.402823448181152">
        <ele>2185.125</ele>
      </trkpt>
      <trkpt lat="42.752072811126709" lon="24.402351379394531">
        <ele>2183.22265625</ele>
      </trkpt>
      <trkpt lat="42.752008438110352" lon="24.401965141296387">
        <ele>2181.109375</ele>
      </trkpt>
      <trkpt lat="42.751944065093994" lon="24.401686191558838">
        <ele>2179.953125</ele>
      </trkpt>
      <trkpt lat="42.75179386138916" lon="24.401021003723145">
        <ele>2175.2265625</ele>
      </trkpt>
      <trkpt lat="42.751986980438232" lon="24.400935173034668">
        <ele>2174.46875</ele>
      </trkpt>
      <trkpt lat="42.752244472503662" lon="24.400784969329834">
        <ele>2175.140625</ele>
      </trkpt>
      <trkpt lat="42.752652168273926" lon="24.400484561920166">
        <ele>2174.890625</ele>
      </trkpt>
      <trkpt lat="42.753317356109619" lon="24.400055408477783">
        <ele>2175.64453125</ele>
      </trkpt>
      <trkpt lat="42.753403186798096" lon="24.400033950805664">
        <ele>2176.16015625</ele>
      </trkpt>
      <trkpt lat="42.753510475158691" lon="24.399948120117188">
        <ele>2176.89453125</ele>
      </trkpt>
      <trkpt lat="42.753725051879883" lon="24.399776458740234">
        <ele>2178.765625</ele>
      </trkpt>
      <trkpt lat="42.754518985748291" lon="24.399261474609375">
        <ele>2185.1953125</ele>
      </trkpt>
      <trkpt lat="42.755270004272461" lon="24.398789405822754">
        <ele>2189.45703125</ele>
      </trkpt>
      <trkpt lat="42.755506038665771" lon="24.398531913757324">
        <ele>2189.7578125</ele>
      </trkpt>
      <trkpt lat="42.755913734436035" lon="24.398167133331299">
        <ele>2191.16796875</ele>
      </trkpt>
      <trkpt lat="42.756257057189941" lon="24.397802352905273">
        <ele>2190.27734375</ele>
      </trkpt>
      <trkpt lat="42.756313970312476" lon="24.397745355963707">
        <ele>2189.9375</ele>
      </trkpt>
      <trkpt lat="42.756836414337158" lon="24.397222995758057">
        <ele>2186.8359375</ele>
      </trkpt>
      <trkpt lat="42.757329940795898" lon="24.396772384643555">
        <ele>2183.66796875</ele>
      </trkpt>
      <trkpt lat="42.757694721221924" lon="24.39638614654541">
        <ele>2180.6796875</ele>
      </trkpt>
      <trkpt lat="42.757844924926758" lon="24.396235942840576">
        <ele>2179.37890625</ele>
      </trkpt>
      <trkpt lat="42.757909297943115" lon="24.396214485168457">
        <ele>2178.22265625</ele>
      </trkpt>
      <trkpt lat="42.757995128631592" lon="24.3961501121521">
        <ele>2176.41015625</ele>
      </trkpt>
      <trkpt lat="42.758316993713379" lon="24.395999908447266">
        <ele>2168.75</ele>
      </trkpt>
      <trkpt lat="42.758617401123047" lon="24.395914077758789">
        <ele>2159.01171875</ele>
      </trkpt>
      <trkpt lat="42.758896350860596" lon="24.395763874053955">
        <ele>2152.4453125</ele>
      </trkpt>
      <trkpt lat="42.75904655456543" lon="24.395656585693359">
        <ele>2151.40625</ele>
      </trkpt>
      <trkpt lat="42.759196758270264" lon="24.395506381988525">
        <ele>2150.28125</ele>
      </trkpt>
      <trkpt lat="42.759304046630859" lon="24.395506381988525">
        <ele>2147.7890625</ele>
      </trkpt>
      <trkpt lat="42.759475708007812" lon="24.395484924316406">
        <ele>2142.05859375</ele>
      </trkpt>
      <trkpt lat="42.759582996368408" lon="24.395527839660645">
        <ele>2137.46875</ele>
      </trkpt>
      <trkpt lat="42.759690284729004" lon="24.395570755004883">
        <ele>2132.5234375</ele>
      </trkpt>
      <trkpt lat="42.759926319122314" lon="24.395742416381836">
        <ele>2121.0625</ele>
      </trkpt>
      <trkpt lat="42.760162353515625" lon="24.395806789398193">
        <ele>2109.8671875</ele>
      </trkpt>
      <trkpt lat="42.760376930236816" lon="24.395871162414551">
        <ele>2098.7265625</ele>
      </trkpt>
      <trkpt lat="42.760462760925293" lon="24.395914077758789">
        <ele>2093.0390625</ele>
      </trkpt>
      <trkpt lat="42.760612964630127" lon="24.395914077758789">
        <ele>2083.57421875</ele>
      </trkpt>
      <trkpt lat="42.760677337646484" lon="24.396021366119385">
        <ele>2078.3203125</ele>
      </trkpt>
      <trkpt lat="42.760741710662842" lon="24.396107196807861">
        <ele>2073.67578125</ele>
      </trkpt>
      <trkpt lat="42.760827541351318" lon="24.39612865447998">
        <ele>2067.328125</ele>
      </trkpt>
      <trkpt lat="42.760934829711914" lon="24.396193027496338">
        <ele>2060.82421875</ele>
      </trkpt>
      <trkpt lat="42.761106491088867" lon="24.396171569824219">
        <ele>2049.94140625</ele>
      </trkpt>
      <trkpt lat="42.76127815246582" lon="24.396085739135742">
        <ele>2038.9140625</ele>
      </trkpt>
      <trkpt lat="42.761342525482178" lon="24.396085739135742">
        <ele>2035.44921875</ele>
      </trkpt>
      <trkpt lat="42.761406898498535" lon="24.396171569824219">
        <ele>2033.3046875</ele>
      </trkpt>
      <trkpt lat="42.761514186859131" lon="24.396300315856934">
        <ele>2029.51171875</ele>
      </trkpt>
      <trkpt lat="42.761600017547607" lon="24.396429061889648">
        <ele>2026.875</ele>
      </trkpt>
      <trkpt lat="42.761664390563965" lon="24.396493434906006">
        <ele>2024.3984375</ele>
      </trkpt>
      <trkpt lat="42.76179313659668" lon="24.396471977233887">
        <ele>2017.14453125</ele>
      </trkpt>
      <trkpt lat="42.762093544006348" lon="24.396600723266602">
        <ele>2001.59375</ele>
      </trkpt>
      <trkpt lat="42.762329578399658" lon="24.39664363861084">
        <ele>1987.78125</ele>
      </trkpt>
      <trkpt lat="42.762393951416016" lon="24.396686553955078">
        <ele>1983.4921875</ele>
      </trkpt>
      <trkpt lat="42.762479782104492" lon="24.396708011627197">
        <ele>1978.05078125</ele>
      </trkpt>
      <trkpt lat="42.76254415512085" lon="24.396665096282959">
        <ele>1974.421875</ele>
      </trkpt>
      <trkpt lat="42.76254415512085" lon="24.396600723266602">
        <ele>1974.91796875</ele>
      </trkpt>
      <trkpt lat="42.762587070465088" lon="24.396579265594482">
        <ele>1972.48828125</ele>
      </trkpt>
      <trkpt lat="42.762672901153564" lon="24.396557807922363">
        <ele>1967.4375</ele>
      </trkpt>
      <trkpt lat="42.762715816497803" lon="24.396600723266602">
        <ele>1964.69921875</ele>
      </trkpt>
      <trkpt lat="42.762801647186279" lon="24.396686553955078">
        <ele>1959.53125</ele>
      </trkpt>
      <trkpt lat="42.762866020202637" lon="24.396729469299316">
        <ele>1956.015625</ele>
      </trkpt>
      <trkpt lat="42.762930393218994" lon="24.396686553955078">
        <ele>1952.31640625</ele>
      </trkpt>
      <trkpt lat="42.763059139251709" lon="24.396686553955078">
        <ele>1945.14453125</ele>
      </trkpt>
      <trkpt lat="42.763123512268066" lon="24.396793842315674">
        <ele>1943.96484375</ele>
      </trkpt>
      <trkpt lat="42.7632737159729" lon="24.396793842315674">
        <ele>1934.765625</ele>
      </trkpt>
      <trkpt lat="42.763402462005615" lon="24.39690113067627">
        <ele>1928.58984375</ele>
      </trkpt>
      <trkpt lat="42.763466835021973" lon="24.397008419036865">
        <ele>1926.3671875</ele>
      </trkpt>
      <trkpt lat="42.763509750366211" lon="24.397029876708984">
        <ele>1924.07421875</ele>
      </trkpt>
      <trkpt lat="42.763595581054688" lon="24.397008419036865">
        <ele>1918.70703125</ele>
      </trkpt>
      <trkpt lat="42.763767242431641" lon="24.396986961364746">
        <ele>1908.12890625</ele>
      </trkpt>
      <trkpt lat="42.763938903808594" lon="24.396965503692627">
        <ele>1897.40625</ele>
      </trkpt>
      <trkpt lat="42.764067649841309" lon="24.396944046020508">
        <ele>1890.2734375</ele>
      </trkpt>
      <trkpt lat="42.764217853546143" lon="24.397051334381104">
        <ele>1883.01953125</ele>
      </trkpt>
      <trkpt lat="42.7642822265625" lon="24.397158622741699">
        <ele>1880.2265625</ele>
      </trkpt>
      <trkpt lat="42.764389514923096" lon="24.397180080413818">
        <ele>1876.26953125</ele>
      </trkpt>
      <trkpt lat="42.764432430267334" lon="24.397265911102295">
        <ele>1874.58203125</ele>
      </trkpt>
      <trkpt lat="42.764496803283691" lon="24.397222995758057">
        <ele>1872.4453125</ele>
      </trkpt>
      <trkpt lat="42.764604091644287" lon="24.397222995758057">
        <ele>1868.74609375</ele>
      </trkpt>
      <trkpt lat="42.764711380004883" lon="24.397287368774414">
        <ele>1865.4296875</ele>
      </trkpt>
      <trkpt lat="42.764818668365479" lon="24.397265911102295">
        <ele>1861.8359375</ele>
      </trkpt>
      <trkpt lat="42.764947414398193" lon="24.397201538085938">
        <ele>1857.3828125</ele>
      </trkpt>
      <trkpt lat="42.76503324508667" lon="24.39713716506958">
        <ele>1854.25</ele>
      </trkpt>
      <trkpt lat="42.765419483184814" lon="24.397072792053223">
        <ele>1843.984375</ele>
      </trkpt>
      <trkpt lat="42.765827178955078" lon="24.397201538085938">
        <ele>1832.265625</ele>
      </trkpt>
      <trkpt lat="42.765977382659912" lon="24.397265911102295">
        <ele>1828.08203125</ele>
      </trkpt>
      <trkpt lat="42.76604175567627" lon="24.397222995758057">
        <ele>1826.58203125</ele>
      </trkpt>
      <trkpt lat="42.766127586364746" lon="24.39713716506958">
        <ele>1824.375</ele>
      </trkpt>
      <trkpt lat="42.766213417053223" lon="24.397180080413818">
        <ele>1822.16796875</ele>
      </trkpt>
      <trkpt lat="42.766299247741699" lon="24.397330284118652">
        <ele>1820.1875</ele>
      </trkpt>
      <trkpt lat="42.766599655151367" lon="24.397308826446533">
        <ele>1813.05078125</ele>
      </trkpt>
      <trkpt lat="42.766814231872559" lon="24.397330284118652">
        <ele>1807.45703125</ele>
      </trkpt>
      <trkpt lat="42.766921520233154" lon="24.397330284118652">
        <ele>1804.23828125</ele>
      </trkpt>
      <trkpt lat="42.767007350921631" lon="24.397287368774414">
        <ele>1801.67578125</ele>
      </trkpt>
      <trkpt lat="42.76702880859375" lon="24.397180080413818">
        <ele>1801.1484375</ele>
      </trkpt>
      <trkpt lat="42.76702880859375" lon="24.396986961364746">
        <ele>1800.5234375</ele>
      </trkpt>
      <trkpt lat="42.767007350921631" lon="24.396836757659912">
        <ele>1799.859375</ele>
      </trkpt>
      <trkpt lat="42.767050266265869" lon="24.39664363861084">
        <ele>1796.40234375</ele>
      </trkpt>
      <trkpt lat="42.767157554626465" lon="24.396600723266602">
        <ele>1793.92578125</ele>
      </trkpt>
      <trkpt lat="42.767307758331299" lon="24.39664363861084">
        <ele>1791.453125</ele>
      </trkpt>
      <trkpt lat="42.767415046691895" lon="24.396600723266602">
        <ele>1788.6484375</ele>
      </trkpt>
      <trkpt lat="42.767457962036133" lon="24.396579265594482">
        <ele>1787.4921875</ele>
      </trkpt>
      <trkpt lat="42.767457962036133" lon="24.396493434906006">
        <ele>1786.515625</ele>
      </trkpt>
      <trkpt lat="42.767372131347656" lon="24.39638614654541">
        <ele>1786.234375</ele>
      </trkpt>
      <trkpt lat="42.767350673675537" lon="24.396300315856934">
        <ele>1784.84765625</ele>
      </trkpt>
      <trkpt lat="42.767350673675537" lon="24.396257400512695">
        <ele>1783.9453125</ele>
      </trkpt>
      <trkpt lat="42.767415046691895" lon="24.3961501121521">
        <ele>1780.875</ele>
      </trkpt>
      <trkpt lat="42.767457962036133" lon="24.396042823791504">
        <ele>1777.91015625</ele>
      </trkpt>
      <trkpt lat="42.767500877380371" lon="24.395978450775146">
        <ele>1775.6171875</ele>
      </trkpt>
      <trkpt lat="42.767586708068848" lon="24.39589262008667">
        <ele>1770.05078125</ele>
      </trkpt>
      <trkpt lat="42.767651081085205" lon="24.395763874053955">
        <ele>1763.1171875</ele>
      </trkpt>
      <trkpt lat="42.767715454101563" lon="24.395720958709717">
        <ele>1759.55078125</ele>
      </trkpt>
      <trkpt lat="42.767822742462158" lon="24.395720958709717">
        <ele>1756.1640625</ele>
      </trkpt>
      <trkpt lat="42.767930030822754" lon="24.395678043365479">
        <ele>1750.75</ele>
      </trkpt>
      <trkpt lat="42.76801586151123" lon="24.395613670349121">
        <ele>1745.69921875</ele>
      </trkpt>
      <trkpt lat="42.768058776855469" lon="24.395570755004883">
        <ele>1743.12890625</ele>
      </trkpt>
      <trkpt lat="42.768080234527588" lon="24.395506381988525">
        <ele>1740.86328125</ele>
      </trkpt>
      <trkpt lat="42.768101692199707" lon="24.395463466644287">
        <ele>1739.25390625</ele>
      </trkpt>
      <trkpt lat="42.768166065216064" lon="24.395420551300049">
        <ele>1737.18359375</ele>
      </trkpt>
      <trkpt lat="42.768230438232422" lon="24.395356178283691">
        <ele>1735.17578125</ele>
      </trkpt>
      <trkpt lat="42.768337726593018" lon="24.395356178283691">
        <ele>1733.52734375</ele>
      </trkpt>
      <trkpt lat="42.768380641937256" lon="24.395334720611572">
        <ele>1732.5390625</ele>
      </trkpt>
      <trkpt lat="42.768380641937256" lon="24.395248889923096">
        <ele>1731.21875</ele>
      </trkpt>
      <trkpt lat="42.768423557281494" lon="24.395205974578857">
        <ele>1729.82421875</ele>
      </trkpt>
      <trkpt lat="42.768487930297852" lon="24.395205974578857">
        <ele>1728.7109375</ele>
      </trkpt>
      <trkpt lat="42.768595218658447" lon="24.395163059234619">
        <ele>1726.4453125</ele>
      </trkpt>
      <trkpt lat="42.768659591674805" lon="24.395098686218262">
        <ele>1724.91015625</ele>
      </trkpt>
      <trkpt lat="42.768809795379639" lon="24.394798278808594">
        <ele>1718.01953125</ele>
      </trkpt>
      <trkpt lat="42.768894787877798" lon="24.394670790061355">
        <ele>1713.09765625</ele>
      </trkpt>
      <trkpt lat="42.768938541412354" lon="24.394605159759521">
        <ele>1710.80078125</ele>
      </trkpt>
      <trkpt lat="42.769217491149902" lon="24.39415454864502">
        <ele>1701.52734375</ele>
      </trkpt>
      <trkpt lat="42.76928186416626" lon="24.394004344940186">
        <ele>1698.26953125</ele>
      </trkpt>
      <trkpt lat="42.769410610198975" lon="24.393918514251709">
        <ele>1695.50390625</ele>
      </trkpt>
      <trkpt lat="42.769839763641357" lon="24.393596649169922">
        <ele>1685.296875</ele>
      </trkpt>
      <trkpt lat="42.769947052001953" lon="24.393489360809326">
        <ele>1682.13671875</ele>
      </trkpt>
      <trkpt lat="42.770011425018311" lon="24.393339157104492">
        <ele>1678.9296875</ele>
      </trkpt>
      <trkpt lat="42.770097255706787" lon="24.393103122711182">
        <ele>1673.859375</ele>
      </trkpt>
      <trkpt lat="42.770183086395264" lon="24.392995834350586">
        <ele>1671.4375</ele>
      </trkpt>
      <trkpt lat="42.77026891708374" lon="24.392631053924561">
        <ele>1671.29296875</ele>
      </trkpt>
      <trkpt lat="42.770376205444336" lon="24.392373561859131">
        <ele>1669.40625</ele>
      </trkpt>
      <trkpt lat="42.770440578460693" lon="24.392287731170654">
        <ele>1668.25390625</ele>
      </trkpt>
      <trkpt lat="42.770655155181885" lon="24.392094612121582">
        <ele>1665.1171875</ele>
      </trkpt>
      <trkpt lat="42.770869731903076" lon="24.391858577728271">
        <ele>1661.74609375</ele>
      </trkpt>
      <trkpt lat="42.77101993560791" lon="24.391772747039795">
        <ele>1657.6328125</ele>
      </trkpt>
      <trkpt lat="42.771148681640625" lon="24.391751289367676">
        <ele>1654.60546875</ele>
      </trkpt>
      <trkpt lat="42.771856784820557" lon="24.391665458679199">
        <ele>1630.6953125</ele>
      </trkpt>
      <trkpt lat="42.771985530853271" lon="24.391622543334961">
        <ele>1625.24609375</ele>
      </trkpt>
      <trkpt lat="42.772114276885986" lon="24.391536712646484">
        <ele>1622.10546875</ele>
      </trkpt>
      <trkpt lat="42.772350311279297" lon="24.391300678253174">
        <ele>1616.0078125</ele>
      </trkpt>
      <trkpt lat="42.772267162799835" lon="24.391383742913604">
        <ele>1617.5</ele>
      </trkpt>
      <trkpt lat="42.772267078980803" lon="24.391383910551667">
        <ele>1617.50390625</ele>
      </trkpt>
      <trkpt lat="42.772221565246582" lon="24.391257762908936">
        <ele>1617.94140625</ele>
      </trkpt>
      <trkpt lat="42.772281747311354" lon="24.391369158402085">
        <ele>1617.140625</ele>
      </trkpt>
      <trkpt lat="42.772114276885986" lon="24.391536712646484">
        <ele>1622.10546875</ele>
      </trkpt>
      <trkpt lat="42.771985530853271" lon="24.391622543334961">
        <ele>1625.24609375</ele>
      </trkpt>
      <trkpt lat="42.771856784820557" lon="24.391665458679199">
        <ele>1630.6953125</ele>
      </trkpt>
      <trkpt lat="42.771148681640625" lon="24.391751289367676">
        <ele>1654.60546875</ele>
      </trkpt>
      <trkpt lat="42.77101993560791" lon="24.391772747039795">
        <ele>1657.6328125</ele>
      </trkpt>
      <trkpt lat="42.770869731903076" lon="24.391858577728271">
        <ele>1661.74609375</ele>
      </trkpt>
      <trkpt lat="42.770655155181885" lon="24.392094612121582">
        <ele>1665.1171875</ele>
      </trkpt>
      <trkpt lat="42.770440578460693" lon="24.392287731170654">
        <ele>1668.25390625</ele>
      </trkpt>
      <trkpt lat="42.770376205444336" lon="24.392373561859131">
        <ele>1669.40625</ele>
      </trkpt>
      <trkpt lat="42.77026891708374" lon="24.392631053924561">
        <ele>1671.29296875</ele>
      </trkpt>
      <trkpt lat="42.770183086395264" lon="24.392995834350586">
        <ele>1671.4375</ele>
      </trkpt>
      <trkpt lat="42.770097255706787" lon="24.393103122711182">
        <ele>1673.859375</ele>
      </trkpt>
      <trkpt lat="42.770011425018311" lon="24.393339157104492">
        <ele>1678.9296875</ele>
      </trkpt>
      <trkpt lat="42.769947052001953" lon="24.393489360809326">
        <ele>1682.13671875</ele>
      </trkpt>
      <trkpt lat="42.769839763641357" lon="24.393596649169922">
        <ele>1685.296875</ele>
      </trkpt>
      <trkpt lat="42.769410610198975" lon="24.393918514251709">
        <ele>1695.50390625</ele>
      </trkpt>
      <trkpt lat="42.76928186416626" lon="24.394004344940186">
        <ele>1698.26953125</ele>
      </trkpt>
      <trkpt lat="42.769217491149902" lon="24.39415454864502">
        <ele>1701.52734375</ele>
      </trkpt>
      <trkpt lat="42.768938541412354" lon="24.394605159759521">
        <ele>1710.80078125</ele>
      </trkpt>
      <trkpt lat="42.768809795379639" lon="24.394798278808594">
        <ele>1718.01953125</ele>
      </trkpt>
      <trkpt lat="42.768659591674805" lon="24.395098686218262">
        <ele>1724.91015625</ele>
      </trkpt>
      <trkpt lat="42.768595218658447" lon="24.395163059234619">
        <ele>1726.4453125</ele>
      </trkpt>
      <trkpt lat="42.768487930297852" lon="24.395205974578857">
        <ele>1728.7109375</ele>
      </trkpt>
      <trkpt lat="42.768423557281494" lon="24.395205974578857">
        <ele>1729.82421875</ele>
      </trkpt>
      <trkpt lat="42.768380641937256" lon="24.395248889923096">
        <ele>1731.21875</ele>
      </trkpt>
      <trkpt lat="42.768380641937256" lon="24.395334720611572">
        <ele>1732.5390625</ele>
      </trkpt>
      <trkpt lat="42.768337726593018" lon="24.395356178283691">
        <ele>1733.52734375</ele>
      </trkpt>
      <trkpt lat="42.768230438232422" lon="24.395356178283691">
        <ele>1735.17578125</ele>
      </trkpt>
      <trkpt lat="42.768166065216064" lon="24.395420551300049">
        <ele>1737.18359375</ele>
      </trkpt>
      <trkpt lat="42.768101692199707" lon="24.395463466644287">
        <ele>1739.25390625</ele>
      </trkpt>
      <trkpt lat="42.768080234527588" lon="24.395506381988525">
        <ele>1740.86328125</ele>
      </trkpt>
      <trkpt lat="42.768058776855469" lon="24.395570755004883">
        <ele>1743.12890625</ele>
      </trkpt>
      <trkpt lat="42.76801586151123" lon="24.395613670349121">
        <ele>1745.69921875</ele>
      </trkpt>
      <trkpt lat="42.767930030822754" lon="24.395678043365479">
        <ele>1750.75</ele>
      </trkpt>
      <trkpt lat="42.767822742462158" lon="24.395720958709717">
        <ele>1756.1640625</ele>
      </trkpt>
      <trkpt lat="42.767715454101563" lon="24.395720958709717">
        <ele>1759.55078125</ele>
      </trkpt>
      <trkpt lat="42.767651081085205" lon="24.395763874053955">
        <ele>1763.1171875</ele>
      </trkpt>
      <trkpt lat="42.767586708068848" lon="24.39589262008667">
        <ele>1770.05078125</ele>
      </trkpt>
      <trkpt lat="42.767500877380371" lon="24.395978450775146">
        <ele>1775.6171875</ele>
      </trkpt>
      <trkpt lat="42.767457962036133" lon="24.396042823791504">
        <ele>1777.91015625</ele>
      </trkpt>
      <trkpt lat="42.767415046691895" lon="24.3961501121521">
        <ele>1780.875</ele>
      </trkpt>
      <trkpt lat="42.767350673675537" lon="24.396257400512695">
        <ele>1783.9453125</ele>
      </trkpt>
      <trkpt lat="42.767350673675537" lon="24.396300315856934">
        <ele>1784.84765625</ele>
      </trkpt>
      <trkpt lat="42.767372131347656" lon="24.39638614654541">
        <ele>1786.234375</ele>
      </trkpt>
      <trkpt lat="42.767457962036133" lon="24.396493434906006">
        <ele>1786.515625</ele>
      </trkpt>
      <trkpt lat="42.767457962036133" lon="24.396579265594482">
        <ele>1787.4921875</ele>
      </trkpt>
      <trkpt lat="42.767415046691895" lon="24.396600723266602">
        <ele>1788.6484375</ele>
      </trkpt>
      <trkpt lat="42.767307758331299" lon="24.39664363861084">
        <ele>1791.453125</ele>
      </trkpt>
      <trkpt lat="42.767157554626465" lon="24.396600723266602">
        <ele>1793.92578125</ele>
      </trkpt>
      <trkpt lat="42.767050266265869" lon="24.39664363861084">
        <ele>1796.40234375</ele>
      </trkpt>
      <trkpt lat="42.767007350921631" lon="24.396836757659912">
        <ele>1799.859375</ele>
      </trkpt>
      <trkpt lat="42.76702880859375" lon="24.396986961364746">
        <ele>1800.5234375</ele>
      </trkpt>
      <trkpt lat="42.76702880859375" lon="24.397180080413818">
        <ele>1801.1484375</ele>
      </trkpt>
      <trkpt lat="42.767007350921631" lon="24.397287368774414">
        <ele>1801.67578125</ele>
      </trkpt>
      <trkpt lat="42.766921520233154" lon="24.397330284118652">
        <ele>1804.23828125</ele>
      </trkpt>
      <trkpt lat="42.766814231872559" lon="24.397330284118652">
        <ele>1807.45703125</ele>
      </trkpt>
      <trkpt lat="42.766599655151367" lon="24.397308826446533">
        <ele>1813.05078125</ele>
      </trkpt>
      <trkpt lat="42.766299247741699" lon="24.397330284118652">
        <ele>1820.1875</ele>
      </trkpt>
      <trkpt lat="42.766127586364746" lon="24.397416114807129">
        <ele>1822.78515625</ele>
      </trkpt>
      <trkpt lat="42.765719890594482" lon="24.397609233856201">
        <ele>1827.734375</ele>
      </trkpt>
      <trkpt lat="42.765226364135742" lon="24.397780895233154">
        <ele>1836.55078125</ele>
      </trkpt>
      <trkpt lat="42.764389514923096" lon="24.398317337036133">
        <ele>1839.3046875</ele>
      </trkpt>
      <trkpt lat="42.764153480529785" lon="24.398446083068848">
        <ele>1835.5546875</ele>
      </trkpt>
      <trkpt lat="42.764003276824951" lon="24.398660659790039">
        <ele>1838.09765625</ele>
      </trkpt>
      <trkpt lat="42.764003276824951" lon="24.398939609527588">
        <ele>1838.34765625</ele>
      </trkpt>
      <trkpt lat="42.764110565185547" lon="24.399304389953613">
        <ele>1835.36328125</ele>
      </trkpt>
      <trkpt lat="42.764196395874023" lon="24.399604797363281">
        <ele>1835.8984375</ele>
      </trkpt>
      <trkpt lat="42.764196395874023" lon="24.399733543395996">
        <ele>1834.90625</ele>
      </trkpt>
      <trkpt lat="42.764089107513428" lon="24.399905204772949">
        <ele>1841.91015625</ele>
      </trkpt>
      <trkpt lat="42.763981819152832" lon="24.400184154510498">
        <ele>1842.5859375</ele>
      </trkpt>
      <trkpt lat="42.763960361480713" lon="24.400398731231689">
        <ele>1837.47265625</ele>
      </trkpt>
      <trkpt lat="42.763938903808594" lon="24.400570392608643">
        <ele>1834.90625</ele>
      </trkpt>
      <trkpt lat="42.763895988464355" lon="24.400742053985596">
        <ele>1834.328125</ele>
      </trkpt>
      <trkpt lat="42.76378870010376" lon="24.400956630706787">
        <ele>1838.453125</ele>
      </trkpt>
      <trkpt lat="42.763638496398926" lon="24.401321411132813">
        <ele>1842.95703125</ele>
      </trkpt>
      <trkpt lat="42.763252258300781" lon="24.402072429656982">
        <ele>1849.91796875</ele>
      </trkpt>
      <trkpt lat="42.763166427612305" lon="24.402093887329102">
        <ele>1854.08203125</ele>
      </trkpt>
      <trkpt lat="42.763080596923828" lon="24.402072429656982">
        <ele>1858.1953125</ele>
      </trkpt>
      <trkpt lat="42.762908935546875" lon="24.402008056640625">
        <ele>1863.51953125</ele>
      </trkpt>
      <trkpt lat="42.762737274169922" lon="24.401965141296387">
        <ele>1867.421875</ele>
      </trkpt>
      <trkpt lat="42.762479782104492" lon="24.401922225952148">
        <ele>1872.453125</ele>
      </trkpt>
      <trkpt lat="42.762308120727539" lon="24.401986598968506">
        <ele>1874.43359375</ele>
      </trkpt>
      <trkpt lat="42.762179374694824" lon="24.40213680267334">
        <ele>1872.1875</ele>
      </trkpt>
      <trkpt lat="42.761857509613037" lon="24.402437210083008">
        <ele>1871.765625</ele>
      </trkpt>
      <trkpt lat="42.76153564453125" lon="24.402737617492676">
        <ele>1874.17578125</ele>
      </trkpt>
      <trkpt lat="42.761299610137939" lon="24.40288782119751">
        <ele>1877.50390625</ele>
      </trkpt>
      <trkpt lat="42.760848999023438" lon="24.402930736541748">
        <ele>1877.4453125</ele>
      </trkpt>
      <trkpt lat="42.760441303253174" lon="24.403016567230225">
        <ele>1872.9921875</ele>
      </trkpt>
      <trkpt lat="42.759883403778076" lon="24.402995109558105">
        <ele>1892.1953125</ele>
      </trkpt>
      <trkpt lat="42.7597975730896" lon="24.403059482574463">
        <ele>1894.51953125</ele>
      </trkpt>
      <trkpt lat="42.759711742401123" lon="24.403359889984131">
        <ele>1895.48046875</ele>
      </trkpt>
      <trkpt lat="42.759604454040527" lon="24.403917789459229">
        <ele>1898.94140625</ele>
      </trkpt>
      <trkpt lat="42.759497165679932" lon="24.404475688934326">
        <ele>1898.46484375</ele>
      </trkpt>
      <trkpt lat="42.759389877319336" lon="24.404904842376709">
        <ele>1898.54296875</ele>
      </trkpt>
      <trkpt lat="42.759089469909668" lon="24.405527114868164">
        <ele>1905.71484375</ele>
      </trkpt>
      <trkpt lat="42.758617401123047" lon="24.405848979949951">
        <ele>1915.55859375</ele>
      </trkpt>
      <trkpt lat="42.758402824401855" lon="24.406020641326904">
        <ele>1919.25390625</ele>
      </trkpt>
      <trkpt lat="42.758102416992188" lon="24.406299591064453">
        <ele>1922.734375</ele>
      </trkpt>
      <trkpt lat="42.757844924926758" lon="24.406321048736572">
        <ele>1933.53125</ele>
      </trkpt>
      <trkpt lat="42.757673263549805" lon="24.406342506408691">
        <ele>1940.76953125</ele>
      </trkpt>
      <trkpt lat="42.757565975189209" lon="24.406449794769287">
        <ele>1942.41796875</ele>
      </trkpt>
      <trkpt lat="42.757480144500732" lon="24.407029151916504">
        <ele>1934.89453125</ele>
      </trkpt>
      <trkpt lat="42.757394313812256" lon="24.407329559326172">
        <ele>1933.7265625</ele>
      </trkpt>
      <trkpt lat="42.757222652435303" lon="24.407544136047363">
        <ele>1938.69921875</ele>
      </trkpt>
      <trkpt lat="42.75705099105835" lon="24.407694339752197">
        <ele>1945.625</ele>
      </trkpt>
      <trkpt lat="42.756772041320801" lon="24.408059120178223">
        <ele>1956.19921875</ele>
      </trkpt>
      <trkpt lat="42.756471633911133" lon="24.408595561981201">
        <ele>1967.58984375</ele>
      </trkpt>
      <trkpt lat="42.75629997253418" lon="24.409046173095703">
        <ele>1973.7265625</ele>
      </trkpt>
      <trkpt lat="42.756128311157227" lon="24.409475326538086">
        <ele>1980.16015625</ele>
      </trkpt>
      <trkpt lat="42.756021022796631" lon="24.40986156463623">
        <ele>1983.8125</ele>
      </trkpt>
      <trkpt lat="42.75578498840332" lon="24.410505294799805">
        <ele>1989.79296875</ele>
      </trkpt>
      <trkpt lat="42.755613327026367" lon="24.410955905914307">
        <ele>1991.4609375</ele>
      </trkpt>
      <trkpt lat="42.755312919616699" lon="24.411277770996094">
        <ele>2000.16796875</ele>
      </trkpt>
      <trkpt lat="42.754883766174316" lon="24.411578178405762">
        <ele>2012.8671875</ele>
      </trkpt>
      <trkpt lat="42.754712104797363" lon="24.411664009094238">
        <ele>2018.8046875</ele>
      </trkpt>
      <trkpt lat="42.753961086273193" lon="24.412286281585693">
        <ele>2034.90234375</ele>
      </trkpt>
      <trkpt lat="42.753617763519287" lon="24.412672519683838">
        <ele>2042.10546875</ele>
      </trkpt>
      <trkpt lat="42.753338813781738" lon="24.412994384765625">
        <ele>2049.03125</ele>
      </trkpt>
      <trkpt lat="42.753167152404785" lon="24.413251876831055">
        <ele>2051.84765625</ele>
      </trkpt>
      <trkpt lat="42.752759456634521" lon="24.413852691650391">
        <ele>2060.15625</ele>
      </trkpt>
      <trkpt lat="42.752244472503662" lon="24.414689540863037">
        <ele>2068.03125</ele>
      </trkpt>
      <trkpt lat="42.752039032056928" lon="24.415100337937474">
        <ele>2071.1875</ele>
      </trkpt>
      <trkpt lat="42.751986980438232" lon="24.415204524993896">
        <ele>2073.3359375</ele>
      </trkpt>
      <trkpt lat="42.751879692077637" lon="24.415462017059326">
        <ele>2077.921875</ele>
      </trkpt>
      <trkpt lat="42.751815319061279" lon="24.41586971282959">
        <ele>2080.48046875</ele>
      </trkpt>
      <trkpt lat="42.751772403717041" lon="24.416234493255615">
        <ele>2081.875</ele>
      </trkpt>
      <trkpt lat="42.751772403717041" lon="24.416534900665283">
        <ele>2080.55078125</ele>
      </trkpt>
      <trkpt lat="42.751643657684326" lon="24.417135715484619">
        <ele>2086.296875</ele>
      </trkpt>
      <trkpt lat="42.751600742340088" lon="24.417672157287598">
        <ele>2087.15234375</ele>
      </trkpt>
      <trkpt lat="42.751600742340088" lon="24.417800903320313">
        <ele>2087.15234375</ele>
      </trkpt>
      <trkpt lat="42.751600742340088" lon="24.418230056762695">
        <ele>2087.33984375</ele>
      </trkpt>
      <trkpt lat="42.751643657684326" lon="24.418444633483887">
        <ele>2086.796875</ele>
      </trkpt>
      <trkpt lat="42.751643657684326" lon="24.418509006500244">
        <ele>2087.234375</ele>
      </trkpt>
      <trkpt lat="42.751665115356445" lon="24.418702125549316">
        <ele>2088.05859375</ele>
      </trkpt>
      <trkpt lat="42.751686573028564" lon="24.41887378692627">
        <ele>2088.71875</ele>
      </trkpt>
      <trkpt lat="42.751750946044922" lon="24.419152736663818">
        <ele>2088.71875</ele>
      </trkpt>
      <trkpt lat="42.75179386138916" lon="24.419345855712891">
        <ele>2089</ele>
      </trkpt>
      <trkpt lat="42.751879692077637" lon="24.41960334777832">
        <ele>2089.5234375</ele>
      </trkpt>
      <trkpt lat="42.751986980438232" lon="24.419817924499512">
        <ele>2088.69140625</ele>
      </trkpt>
      <trkpt lat="42.752115726470947" lon="24.420096874237061">
        <ele>2085.80078125</ele>
      </trkpt>
      <trkpt lat="42.752223014831543" lon="24.42035436630249">
        <ele>2084.8671875</ele>
      </trkpt>
      <trkpt lat="42.75230884552002" lon="24.420526027679443">
        <ele>2084.69140625</ele>
      </trkpt>
      <trkpt lat="42.752459049224854" lon="24.420955181121826">
        <ele>2084.9765625</ele>
      </trkpt>
      <trkpt lat="42.752759456634521" lon="24.42162036895752">
        <ele>2083.02734375</ele>
      </trkpt>
      <trkpt lat="42.752909660339355" lon="24.421899318695068">
        <ele>2082.46484375</ele>
      </trkpt>
      <trkpt lat="42.75303840637207" lon="24.422156810760498">
        <ele>2080.32421875</ele>
      </trkpt>
      <trkpt lat="42.753081321716309" lon="24.422521591186523">
        <ele>2079.73828125</ele>
      </trkpt>
      <trkpt lat="42.753124237060547" lon="24.422886371612549">
        <ele>2079.91796875</ele>
      </trkpt>
      <trkpt lat="42.753167152404785" lon="24.42335844039917">
        <ele>2080.55078125</ele>
      </trkpt>
      <trkpt lat="42.753167152404785" lon="24.423701763153076">
        <ele>2082.59765625</ele>
      </trkpt>
      <trkpt lat="42.753145694732666" lon="24.42434549331665">
        <ele>2084.15234375</ele>
      </trkpt>
      <trkpt lat="42.753145694732666" lon="24.42486047744751">
        <ele>2082.328125</ele>
      </trkpt>
      <trkpt lat="42.753167152404785" lon="24.425225257873535">
        <ele>2080.00390625</ele>
      </trkpt>
      <trkpt lat="42.753231525421143" lon="24.425761699676514">
        <ele>2079.73046875</ele>
      </trkpt>
      <trkpt lat="42.753274440765381" lon="24.426233768463135">
        <ele>2079.25</ele>
      </trkpt>
      <trkpt lat="42.753252983093262" lon="24.426534175872803">
        <ele>2077.7890625</ele>
      </trkpt>
      <trkpt lat="42.753188610076904" lon="24.42685604095459">
        <ele>2077.703125</ele>
      </trkpt>
      <trkpt lat="42.753016948699951" lon="24.427199363708496">
        <ele>2076.13671875</ele>
      </trkpt>
      <trkpt lat="42.752737998962402" lon="24.427649974822998">
        <ele>2075.94921875</ele>
      </trkpt>
      <trkpt lat="42.752459049224854" lon="24.428014755249023">
        <ele>2075.57421875</ele>
      </trkpt>
      <trkpt lat="42.752244472503662" lon="24.428336620330811">
        <ele>2075.25</ele>
      </trkpt>
      <trkpt lat="42.752158641815186" lon="24.428551197052002">
        <ele>2075.66015625</ele>
      </trkpt>
      <trkpt lat="42.752115726470947" lon="24.428765773773193">
        <ele>2076.01953125</ele>
      </trkpt>
      <trkpt lat="42.752029895782471" lon="24.429044723510742">
        <ele>2073.70703125</ele>
      </trkpt>
      <trkpt lat="42.751944065093994" lon="24.429366588592529">
        <ele>2068.14453125</ele>
      </trkpt>
      <trkpt lat="42.751858234405518" lon="24.42960262298584">
        <ele>2061.7265625</ele>
      </trkpt>
      <trkpt lat="42.751729488372803" lon="24.430010318756104">
        <ele>2051.65234375</ele>
      </trkpt>
      <trkpt lat="42.751579284667969" lon="24.430246353149414">
        <ele>2042.12109375</ele>
      </trkpt>
      <trkpt lat="42.75153636932373" lon="24.430439472198486">
        <ele>2036.69140625</ele>
      </trkpt>
      <trkpt lat="42.751514911651611" lon="24.430932998657227">
        <ele>2022.92578125</ele>
      </trkpt>
      <trkpt lat="42.751643657684326" lon="24.431190490722656">
        <ele>2019.375</ele>
      </trkpt>
      <trkpt lat="42.751665115356445" lon="24.431362152099609">
        <ele>2015.92578125</ele>
      </trkpt>
      <trkpt lat="42.751708030700684" lon="24.431490898132324">
        <ele>2013.765625</ele>
      </trkpt>
      <trkpt lat="42.751708030700684" lon="24.431748390197754">
        <ele>2006.09375</ele>
      </trkpt>
      <trkpt lat="42.751729488372803" lon="24.431941509246826">
        <ele>2001.53125</ele>
      </trkpt>
      <trkpt lat="42.751708030700684" lon="24.43209171295166">
        <ele>1997.546875</ele>
      </trkpt>
      <trkpt lat="42.751686573028564" lon="24.432177543640137">
        <ele>1994.75</ele>
      </trkpt>
      <trkpt lat="42.751686573028564" lon="24.432241916656494">
        <ele>1992.84765625</ele>
      </trkpt>
      <trkpt lat="42.751729488372803" lon="24.432413578033447">
        <ele>1988.515625</ele>
      </trkpt>
      <trkpt lat="42.75179386138916" lon="24.432499408721924">
        <ele>1987.03125</ele>
      </trkpt>
      <trkpt lat="42.751750946044922" lon="24.432649612426758">
        <ele>1983.234375</ele>
      </trkpt>
      <trkpt lat="42.751750946044922" lon="24.43284273147583">
        <ele>1978.78125</ele>
      </trkpt>
      <trkpt lat="42.751836776733398" lon="24.433186054229736">
        <ele>1973.9296875</ele>
      </trkpt>
      <trkpt lat="42.751858234405518" lon="24.433572292327881">
        <ele>1970.67578125</ele>
      </trkpt>
      <trkpt lat="42.751858234405518" lon="24.433958530426025">
        <ele>1968.45703125</ele>
      </trkpt>
      <trkpt lat="42.751858234405518" lon="24.434280395507813">
        <ele>1966.2265625</ele>
      </trkpt>
      <trkpt lat="42.75179386138916" lon="24.434988498687744">
        <ele>1962.91015625</ele>
      </trkpt>
      <trkpt lat="42.751643657684326" lon="24.435803890228271">
        <ele>1951.41015625</ele>
      </trkpt>
      <trkpt lat="42.751429080963135" lon="24.436318874359131">
        <ele>1940.984375</ele>
      </trkpt>
      <trkpt lat="42.751171588897705" lon="24.436898231506348">
        <ele>1930.203125</ele>
      </trkpt>
      <trkpt lat="42.750871181488037" lon="24.437434673309326">
        <ele>1922.2578125</ele>
      </trkpt>
      <trkpt lat="42.750678062438965" lon="24.437971115112305">
        <ele>1914.19921875</ele>
      </trkpt>
      <trkpt lat="42.750635147094727" lon="24.438357353210449">
        <ele>1907.9296875</ele>
      </trkpt>
      <trkpt lat="42.750484943389893" lon="24.439108371734619">
        <ele>1899.72265625</ele>
      </trkpt>
      <trkpt lat="42.750248908996582" lon="24.439880847930908">
        <ele>1890.91796875</ele>
      </trkpt>
      <trkpt lat="42.750034332275391" lon="24.44058895111084">
        <ele>1881.17578125</ele>
      </trkpt>
      <trkpt lat="42.749905586242676" lon="24.441232681274414">
        <ele>1874.27734375</ele>
      </trkpt>
      <trkpt lat="42.749648094177246" lon="24.441640377044678">
        <ele>1867.5</ele>
      </trkpt>
      <trkpt lat="42.749433517456055" lon="24.442048072814941">
        <ele>1863.26171875</ele>
      </trkpt>
      <trkpt lat="42.749283313751221" lon="24.442477226257324">
        <ele>1861.46875</ele>
      </trkpt>
      <trkpt lat="42.749176025390625" lon="24.442777633666992">
        <ele>1861.09765625</ele>
      </trkpt>
      <trkpt lat="42.748939990997314" lon="24.443550109863281">
        <ele>1861.375</ele>
      </trkpt>
      <trkpt lat="42.74886698462069" lon="24.443787233904004">
        <ele>1859.69140625</ele>
      </trkpt>
      <trkpt lat="42.749240398406982" lon="24.444000720977783">
        <ele>1861.46484375</ele>
      </trkpt>
      <trkpt lat="42.74886698462069" lon="24.443787233904004">
        <ele>1859.69140625</ele>
      </trkpt>
      <trkpt lat="42.748854160308838" lon="24.44382905960083">
        <ele>1859.39453125</ele>
      </trkpt>
      <trkpt lat="42.74878978729248" lon="24.444129467010498">
        <ele>1857.91015625</ele>
      </trkpt>
      <trkpt lat="42.7488112449646" lon="24.444644451141357">
        <ele>1858.0546875</ele>
      </trkpt>
      <trkpt lat="42.748982906341553" lon="24.445266723632813">
        <ele>1858.0859375</ele>
      </trkpt>
      <trkpt lat="42.749111652374268" lon="24.445888996124268">
        <ele>1850.34375</ele>
      </trkpt>
      <trkpt lat="42.749197483062744" lon="24.446296691894531">
        <ele>1846.38671875</ele>
      </trkpt>
      <trkpt lat="42.749218940734863" lon="24.446983337402344">
        <ele>1843.078125</ele>
      </trkpt>
      <trkpt lat="42.749176025390625" lon="24.44782018661499">
        <ele>1839.109375</ele>
      </trkpt>
      <trkpt lat="42.749176025390625" lon="24.44833517074585">
        <ele>1830.5859375</ele>
      </trkpt>
      <trkpt lat="42.749197483062744" lon="24.448785781860352">
        <ele>1822.63671875</ele>
      </trkpt>
      <trkpt lat="42.749197483062744" lon="24.449150562286377">
        <ele>1815.76953125</ele>
      </trkpt>
      <trkpt lat="42.749068737030029" lon="24.449601173400879">
        <ele>1806.58203125</ele>
      </trkpt>
      <trkpt lat="42.749025821685791" lon="24.449880123138428">
        <ele>1801.140625</ele>
      </trkpt>
      <trkpt lat="42.748939990997314" lon="24.450137615203857">
        <ele>1796.88671875</ele>
      </trkpt>
      <trkpt lat="42.748961448669434" lon="24.450695514678955">
        <ele>1786.24609375</ele>
      </trkpt>
      <trkpt lat="42.749068737030029" lon="24.45131778717041">
        <ele>1777.94921875</ele>
      </trkpt>
      <trkpt lat="42.749240398406982" lon="24.452047348022461">
        <ele>1775.13671875</ele>
      </trkpt>
      <trkpt lat="42.749347686767578" lon="24.452648162841797">
        <ele>1771.6328125</ele>
      </trkpt>
      <trkpt lat="42.749605178833008" lon="24.453356266021729">
        <ele>1762.921875</ele>
      </trkpt>
      <trkpt lat="42.749712467193604" lon="24.454214572906494">
        <ele>1761.05859375</ele>
      </trkpt>
      <trkpt lat="42.749733924865723" lon="24.4545578956604">
        <ele>1760.89453125</ele>
      </trkpt>
      <trkpt lat="42.749776840209961" lon="24.455137252807617">
        <ele>1760.5</ele>
      </trkpt>
      <trkpt lat="42.749927043914795" lon="24.45605993270874">
        <ele>1760.34375</ele>
      </trkpt>
      <trkpt lat="42.750098705291748" lon="24.456660747528076">
        <ele>1761.375</ele>
      </trkpt>
      <trkpt lat="42.750205993652344" lon="24.457111358642578">
        <ele>1761.90234375</ele>
      </trkpt>
      <trkpt lat="42.750248908996582" lon="24.458334445953369">
        <ele>1755.79296875</ele>
      </trkpt>
      <trkpt lat="42.750227451324463" lon="24.458549022674561">
        <ele>1754.67578125</ele>
      </trkpt>
      <trkpt lat="42.750141620635986" lon="24.458849430084229">
        <ele>1755.82421875</ele>
      </trkpt>
      <trkpt lat="42.750120162963867" lon="24.459042549133301">
        <ele>1755.50390625</ele>
      </trkpt>
      <trkpt lat="42.750227451324463" lon="24.459493160247803">
        <ele>1751.1953125</ele>
      </trkpt>
      <trkpt lat="42.75029182434082" lon="24.45981502532959">
        <ele>1750.94140625</ele>
      </trkpt>
      <trkpt lat="42.750356197357178" lon="24.460458755493164">
        <ele>1749.7109375</ele>
      </trkpt>
      <trkpt lat="42.750420570373535" lon="24.461081027984619">
        <ele>1744.75390625</ele>
      </trkpt>
      <trkpt lat="42.750399112701416" lon="24.461767673492432">
        <ele>1733.87109375</ele>
      </trkpt>
      <trkpt lat="42.75029182434082" lon="24.462540149688721">
        <ele>1720.7578125</ele>
      </trkpt>
      <trkpt lat="42.750313282012939" lon="24.462690353393555">
        <ele>1720.31640625</ele>
      </trkpt>
      <trkpt lat="42.750399112701416" lon="24.463012218475342">
        <ele>1720.953125</ele>
      </trkpt>
      <trkpt lat="42.750420570373535" lon="24.463269710540771">
        <ele>1725.71875</ele>
      </trkpt>
      <trkpt lat="42.75054931640625" lon="24.463419914245605">
        <ele>1724.53515625</ele>
      </trkpt>
      <trkpt lat="42.750871181488037" lon="24.463741779327393">
        <ele>1720.38671875</ele>
      </trkpt>
      <trkpt lat="42.750914096832275" lon="24.463870525360107">
        <ele>1723.0859375</ele>
      </trkpt>
      <trkpt lat="42.750914096832275" lon="24.463999271392822">
        <ele>1727.91796875</ele>
      </trkpt>
      <trkpt lat="42.751064300537109" lon="24.464342594146729">
        <ele>1730.26953125</ele>
      </trkpt>
      <trkpt lat="42.751085758209229" lon="24.464492797851563">
        <ele>1733.4140625</ele>
      </trkpt>
      <trkpt lat="42.751085758209229" lon="24.464600086212158">
        <ele>1735.65234375</ele>
      </trkpt>
      <trkpt lat="42.751128673553467" lon="24.464771747589111">
        <ele>1736.3125</ele>
      </trkpt>
      <trkpt lat="42.751171588897705" lon="24.464900493621826">
        <ele>1735.65625</ele>
      </trkpt>
      <trkpt lat="42.751235961914063" lon="24.465007781982422">
        <ele>1733.2265625</ele>
      </trkpt>
      <trkpt lat="42.751278877258301" lon="24.465115070343018">
        <ele>1732.19921875</ele>
      </trkpt>
      <trkpt lat="42.75130033493042" lon="24.465222358703613">
        <ele>1731.2109375</ele>
      </trkpt>
      <trkpt lat="42.751343250274658" lon="24.46530818939209">
        <ele>1729.23046875</ele>
      </trkpt>
      <trkpt lat="42.751386165618896" lon="24.465351104736328">
        <ele>1727.25390625</ele>
      </trkpt>
      <trkpt lat="42.75155782699585" lon="24.465608596801758">
        <ele>1717.390625</ele>
      </trkpt>
      <trkpt lat="42.751622200012207" lon="24.465694427490234">
        <ele>1713.74609375</ele>
      </trkpt>
      <trkpt lat="42.751708030700684" lon="24.465737342834473">
        <ele>1709.54296875</ele>
      </trkpt>
      <trkpt lat="42.751879692077637" lon="24.465823173522949">
        <ele>1701.31640625</ele>
      </trkpt>
      <trkpt lat="42.752008438110352" lon="24.465866088867188">
        <ele>1695.95703125</ele>
      </trkpt>
      <trkpt lat="42.752137184143066" lon="24.465909004211426">
        <ele>1690.2890625</ele>
      </trkpt>
      <trkpt lat="42.752223014831543" lon="24.465930461883545">
        <ele>1686.55078125</ele>
      </trkpt>
      <trkpt lat="42.75230884552002" lon="24.46605920791626">
        <ele>1683.6796875</ele>
      </trkpt>
      <trkpt lat="42.752587795257568" lon="24.466531276702881">
        <ele>1677.9296875</ele>
      </trkpt>
      <trkpt lat="42.752931118011475" lon="24.466853141784668">
        <ele>1666.203125</ele>
      </trkpt>
      <trkpt lat="42.753210067749023" lon="24.467518329620361">
        <ele>1658.98046875</ele>
      </trkpt>
      <trkpt lat="42.753403186798096" lon="24.467775821685791">
        <ele>1654.24609375</ele>
      </trkpt>
      <trkpt lat="42.753682136535645" lon="24.468376636505127">
        <ele>1641.09375</ele>
      </trkpt>
      <trkpt lat="42.753832340240479" lon="24.468998908996582">
        <ele>1631.1875</ele>
      </trkpt>
      <trkpt lat="42.753875255584717" lon="24.46929931640625">
        <ele>1630.484375</ele>
      </trkpt>
      <trkpt lat="42.753939628601074" lon="24.469728469848633">
        <ele>1633.21484375</ele>
      </trkpt>
      <trkpt lat="42.75404691696167" lon="24.469964504241943">
        <ele>1635.234375</ele>
      </trkpt>
      <trkpt lat="42.754089832305908" lon="24.470157623291016">
        <ele>1637.7265625</ele>
      </trkpt>
      <trkpt lat="42.754197120666504" lon="24.470436573028564">
        <ele>1642.19921875</ele>
      </trkpt>
      <trkpt lat="42.754240036010742" lon="24.470651149749756">
        <ele>1644.24609375</ele>
      </trkpt>
      <trkpt lat="42.754390239715576" lon="24.4710373878479">
        <ele>1645.1640625</ele>
      </trkpt>
      <trkpt lat="42.75454044342041" lon="24.471380710601807">
        <ele>1642.21875</ele>
      </trkpt>
      <trkpt lat="42.754969596862793" lon="24.4720458984375">
        <ele>1636.07421875</ele>
      </trkpt>
      <trkpt lat="42.755098342895508" lon="24.472367763519287">
        <ele>1632.62109375</ele>
      </trkpt>
      <trkpt lat="42.755141258239746" lon="24.472560882568359">
        <ele>1631.46875</ele>
      </trkpt>
      <trkpt lat="42.755312919616699" lon="24.472732543945313">
        <ele>1627.15234375</ele>
      </trkpt>
      <trkpt lat="42.755420207977295" lon="24.472990036010742">
        <ele>1625.64453125</ele>
      </trkpt>
      <trkpt lat="42.75554895401001" lon="24.473140239715576">
        <ele>1624.3203125</ele>
      </trkpt>
      <trkpt lat="42.755827903747559" lon="24.473633766174316">
        <ele>1619.69140625</ele>
      </trkpt>
      <trkpt lat="42.756235599517822" lon="24.474363327026367">
        <ele>1607.69921875</ele>
      </trkpt>
      <trkpt lat="42.756450176239014" lon="24.474470615386963">
        <ele>1601.04296875</ele>
      </trkpt>
      <trkpt lat="42.756557464599609" lon="24.474728107452393">
        <ele>1598.921875</ele>
      </trkpt>
      <trkpt lat="42.756772041320801" lon="24.474985599517822">
        <ele>1594.15625</ele>
      </trkpt>
      <trkpt lat="42.75728702545166" lon="24.475629329681396">
        <ele>1583.890625</ele>
      </trkpt>
      <trkpt lat="42.757501602172852" lon="24.475865364074707">
        <ele>1578.9453125</ele>
      </trkpt>
      <trkpt lat="42.757630348205566" lon="24.475951194763184">
        <ele>1575.80078125</ele>
      </trkpt>
      <trkpt lat="42.757823467254639" lon="24.476079940795898">
        <ele>1571.46484375</ele>
      </trkpt>
      <trkpt lat="42.757995128631592" lon="24.476187229156494">
        <ele>1567.51953125</ele>
      </trkpt>
      <trkpt lat="42.758231163024902" lon="24.476423263549805">
        <ele>1563.85546875</ele>
      </trkpt>
      <trkpt lat="42.758402824401855" lon="24.476702213287354">
        <ele>1562.109375</ele>
      </trkpt>
      <trkpt lat="42.758467197418213" lon="24.476852416992188">
        <ele>1561.73046875</ele>
      </trkpt>
      <trkpt lat="42.758488655090332" lon="24.47704553604126">
        <ele>1561.9765625</ele>
      </trkpt>
      <trkpt lat="42.758510112762451" lon="24.477109909057617">
        <ele>1562.03125</ele>
      </trkpt>
      <trkpt lat="42.758510112762451" lon="24.477367401123047">
        <ele>1562.41796875</ele>
      </trkpt>
      <trkpt lat="42.758638858795166" lon="24.477474689483643">
        <ele>1562.5390625</ele>
      </trkpt>
      <trkpt lat="42.758681774139404" lon="24.4775390625">
        <ele>1562.7421875</ele>
      </trkpt>
      <trkpt lat="42.758810520172119" lon="24.477603435516357">
        <ele>1563.8984375</ele>
      </trkpt>
      <trkpt lat="42.758917808532715" lon="24.477646350860596">
        <ele>1565.4140625</ele>
      </trkpt>
      <trkpt lat="42.759068012237549" lon="24.477839469909668">
        <ele>1570.40234375</ele>
      </trkpt>
      <trkpt lat="42.759175300598145" lon="24.477946758270264">
        <ele>1574.2734375</ele>
      </trkpt>
      <trkpt lat="42.759411334991455" lon="24.478204250335693">
        <ele>1585.5</ele>
      </trkpt>
      <trkpt lat="42.759518623352051" lon="24.478268623352051">
        <ele>1589.390625</ele>
      </trkpt>
      <trkpt lat="42.759604454040527" lon="24.47829008102417">
        <ele>1591.56640625</ele>
      </trkpt>
      <trkpt lat="42.759861946105957" lon="24.478397369384766">
        <ele>1598.2890625</ele>
      </trkpt>
      <trkpt lat="42.759947776794434" lon="24.478461742401123">
        <ele>1600.46875</ele>
      </trkpt>
      <trkpt lat="42.760012149810791" lon="24.4785475730896">
        <ele>1603.734375</ele>
      </trkpt>
      <trkpt lat="42.760140895843506" lon="24.478654861450195">
        <ele>1608.01953125</ele>
      </trkpt>
      <trkpt lat="42.760226726531982" lon="24.478697776794434">
        <ele>1609.6640625</ele>
      </trkpt>
      <trkpt lat="42.760376930236816" lon="24.478740692138672">
        <ele>1611.63671875</ele>
      </trkpt>
      <trkpt lat="42.760591506958008" lon="24.47878360748291">
        <ele>1614.9375</ele>
      </trkpt>
      <trkpt lat="42.760720252990723" lon="24.478805065155029">
        <ele>1617.3984375</ele>
      </trkpt>
      <trkpt lat="42.760870456695557" lon="24.478826522827148">
        <ele>1620.5859375</ele>
      </trkpt>
      <trkpt lat="42.760977745056152" lon="24.478933811187744">
        <ele>1627.51953125</ele>
      </trkpt>
      <trkpt lat="42.761127948760986" lon="24.478976726531982">
        <ele>1630.7890625</ele>
      </trkpt>
      <trkpt lat="42.761321067810059" lon="24.478933811187744">
        <ele>1629.40625</ele>
      </trkpt>
      <trkpt lat="42.761406898498535" lon="24.478890895843506">
        <ele>1627.7578125</ele>
      </trkpt>
      <trkpt lat="42.761471271514893" lon="24.478890895843506">
        <ele>1628.28515625</ele>
      </trkpt>
      <trkpt lat="42.761578559875488" lon="24.478976726531982">
        <ele>1634.1484375</ele>
      </trkpt>
      <trkpt lat="42.761664390563965" lon="24.479019641876221">
        <ele>1638.171875</ele>
      </trkpt>
      <trkpt lat="42.761921882629395" lon="24.478976726531982">
        <ele>1643.58203125</ele>
      </trkpt>
      <trkpt lat="42.762050628662109" lon="24.478933811187744">
        <ele>1646.25</ele>
      </trkpt>
      <trkpt lat="42.762115001678467" lon="24.478890895843506">
        <ele>1647.07421875</ele>
      </trkpt>
      <trkpt lat="42.762179374694824" lon="24.478890895843506">
        <ele>1649.55078125</ele>
      </trkpt>
      <trkpt lat="42.762329578399658" lon="24.47878360748291">
        <ele>1650.68359375</ele>
      </trkpt>
      <trkpt lat="42.762372493743896" lon="24.478740692138672">
        <ele>1650.359375</ele>
      </trkpt>
      <trkpt lat="42.762565612792969" lon="24.478633403778076">
        <ele>1651.9453125</ele>
      </trkpt>
      <trkpt lat="42.762651443481445" lon="24.478676319122314">
        <ele>1652.96875</ele>
      </trkpt>
      <trkpt lat="42.76278018951416" lon="24.478805065155029">
        <ele>1656.71484375</ele>
      </trkpt>
      <trkpt lat="42.762951850891113" lon="24.478890895843506">
        <ele>1656.76953125</ele>
      </trkpt>
      <trkpt lat="42.763166427612305" lon="24.478869438171387">
        <ele>1650.36328125</ele>
      </trkpt>
      <trkpt lat="42.763209342956543" lon="24.478869438171387">
        <ele>1649.2890625</ele>
      </trkpt>
      <trkpt lat="42.7632737159729" lon="24.478955268859863">
        <ele>1650.87109375</ele>
      </trkpt>
      <trkpt lat="42.763359546661377" lon="24.479169845581055">
        <ele>1652.2578125</ele>
      </trkpt>
      <trkpt lat="42.763423919677734" lon="24.479427337646484">
        <ele>1652.67578125</ele>
      </trkpt>
      <trkpt lat="42.763509750366211" lon="24.479598999023438">
        <ele>1649.28125</ele>
      </trkpt>
      <trkpt lat="42.763638496398926" lon="24.479835033416748">
        <ele>1644.62890625</ele>
      </trkpt>
      <trkpt lat="42.763853073120117" lon="24.480006694793701">
        <ele>1640.703125</ele>
      </trkpt>
      <trkpt lat="42.763938903808594" lon="24.480049610137939">
        <ele>1638.39453125</ele>
      </trkpt>
      <trkpt lat="42.763969665393233" lon="24.480100823566318">
        <ele>1639.7578125</ele>
      </trkpt>
      <trkpt lat="42.763938903808594" lon="24.480135440826416">
        <ele>1643.64453125</ele>
      </trkpt>
      <trkpt lat="42.763969665393233" lon="24.480100823566318">
        <ele>1639.7578125</ele>
      </trkpt>
      <trkpt lat="42.764003276824951" lon="24.480156898498535">
        <ele>1642.66796875</ele>
      </trkpt>
      <trkpt lat="42.764174938201904" lon="24.48028564453125">
        <ele>1644.80078125</ele>
      </trkpt>
      <trkpt lat="42.764346599578857" lon="24.480307102203369">
        <ele>1643.453125</ele>
      </trkpt>
      <trkpt lat="42.764604091644287" lon="24.48028564453125">
        <ele>1642.4375</ele>
      </trkpt>
      <trkpt lat="42.764818668365479" lon="24.480135440826416">
        <ele>1637.515625</ele>
      </trkpt>
      <trkpt lat="42.764990329742432" lon="24.480135440826416">
        <ele>1637.2734375</ele>
      </trkpt>
      <trkpt lat="42.765161991119385" lon="24.480307102203369">
        <ele>1639.81640625</ele>
      </trkpt>
      <trkpt lat="42.76526927947998" lon="24.480521678924561">
        <ele>1641.87890625</ele>
      </trkpt>
      <trkpt lat="42.765440940856934" lon="24.480907917022705">
        <ele>1637.42578125</ele>
      </trkpt>
      <trkpt lat="42.765569686889648" lon="24.481186866760254">
        <ele>1633.2578125</ele>
      </trkpt>
      <trkpt lat="42.76578426361084" lon="24.481401443481445">
        <ele>1633.9375</ele>
      </trkpt>
      <trkpt lat="42.766470909118652" lon="24.48178768157959">
        <ele>1624.15234375</ele>
      </trkpt>
      <trkpt lat="42.766642570495605" lon="24.481980800628662">
        <ele>1621.93359375</ele>
      </trkpt>
      <trkpt lat="42.766835689544678" lon="24.482131004333496">
        <ele>1625.234375</ele>
      </trkpt>
      <trkpt lat="42.767093181610107" lon="24.482066631317139">
        <ele>1625.6484375</ele>
      </trkpt>
      <trkpt lat="42.767221927642822" lon="24.482152462005615">
        <ele>1627.61328125</ele>
      </trkpt>
      <trkpt lat="42.767350673675537" lon="24.48228120803833">
        <ele>1630.296875</ele>
      </trkpt>
      <trkpt lat="42.767651081085205" lon="24.482345581054688">
        <ele>1632.58984375</ele>
      </trkpt>
      <trkpt lat="42.767736911773682" lon="24.482409954071045">
        <ele>1634.7109375</ele>
      </trkpt>
      <trkpt lat="42.767908573150635" lon="24.482431411743164">
        <ele>1632.7109375</ele>
      </trkpt>
      <trkpt lat="42.768080234527588" lon="24.482560157775879">
        <ele>1632.87890625</ele>
      </trkpt>
      <trkpt lat="42.768337726593018" lon="24.482517242431641">
        <ele>1632.328125</ele>
      </trkpt>
      <trkpt lat="42.768466472625732" lon="24.482517242431641">
        <ele>1635.171875</ele>
      </trkpt>
      <trkpt lat="42.768573760986328" lon="24.482474327087402">
        <ele>1636.8203125</ele>
      </trkpt>
      <trkpt lat="42.768681049346924" lon="24.482431411743164">
        <ele>1638.6015625</ele>
      </trkpt>
      <trkpt lat="42.768723964691162" lon="24.482431411743164">
        <ele>1640.25</ele>
      </trkpt>
      <trkpt lat="42.7687668800354" lon="24.482409954071045">
        <ele>1641.07421875</ele>
      </trkpt>
      <trkpt lat="42.76878833770752" lon="24.482345581054688">
        <ele>1639.42578125</ele>
      </trkpt>
      <trkpt lat="42.768895626068115" lon="24.482259750366211">
        <ele>1641.0078125</ele>
      </trkpt>
      <trkpt lat="42.768959999084473" lon="24.482259750366211">
        <ele>1643.2578125</ele>
      </trkpt>
      <trkpt lat="42.76902437210083" lon="24.482259750366211">
        <ele>1645.15625</ele>
      </trkpt>
      <trkpt lat="42.769088745117188" lon="24.482302665710449">
        <ele>1648.21484375</ele>
      </trkpt>
      <trkpt lat="42.769110202789307" lon="24.482259750366211">
        <ele>1647.68359375</ele>
      </trkpt>
      <trkpt lat="42.769174575805664" lon="24.482216835021973">
        <ele>1648.31640625</ele>
      </trkpt>
      <trkpt lat="42.769238948822021" lon="24.482216835021973">
        <ele>1649.93359375</ele>
      </trkpt>
      <trkpt lat="42.769539356231689" lon="24.482131004333496">
        <ele>1651.3125</ele>
      </trkpt>
      <trkpt lat="42.769625186920166" lon="24.482131004333496">
        <ele>1652.62890625</ele>
      </trkpt>
      <trkpt lat="42.769689559936523" lon="24.482131004333496">
        <ele>1653.62109375</ele>
      </trkpt>
      <trkpt lat="42.769818305969238" lon="24.482131004333496">
        <ele>1654.91796875</ele>
      </trkpt>
      <trkpt lat="42.769882678985596" lon="24.482173919677734">
        <ele>1656.8984375</ele>
      </trkpt>
      <trkpt lat="42.770183086395264" lon="24.482259750366211">
        <ele>1659.6796875</ele>
      </trkpt>
      <trkpt lat="42.770504951477051" lon="24.482302665710449">
        <ele>1657.9921875</ele>
      </trkpt>
      <trkpt lat="42.770719528198242" lon="24.482345581054688">
        <ele>1657.671875</ele>
      </trkpt>
      <trkpt lat="42.771363258361816" lon="24.482195377349854">
        <ele>1656.35546875</ele>
      </trkpt>
      <trkpt lat="42.771620750427246" lon="24.482109546661377">
        <ele>1656.30078125</ele>
      </trkpt>
      <trkpt lat="42.771835327148438" lon="24.482088088989258">
        <ele>1658.359375</ele>
      </trkpt>
      <trkpt lat="42.772049903869629" lon="24.48204517364502">
        <ele>1660.046875</ele>
      </trkpt>
      <trkpt lat="42.772114276885986" lon="24.481980800628662">
        <ele>1658.72265625</ele>
      </trkpt>
      <trkpt lat="42.772221565246582" lon="24.481959342956543">
        <ele>1659.546875</ele>
      </trkpt>
      <trkpt lat="42.772307395935059" lon="24.481937885284424">
        <ele>1659.234375</ele>
      </trkpt>
      <trkpt lat="42.772393226623535" lon="24.481937885284424">
        <ele>1658.578125</ele>
      </trkpt>
      <trkpt lat="42.772564888000488" lon="24.48204517364502">
        <ele>1661.1328125</ele>
      </trkpt>
      <trkpt lat="42.773036956787109" lon="24.482259750366211">
        <ele>1658.8671875</ele>
      </trkpt>
      <trkpt lat="42.773187160491943" lon="24.482324123382568">
        <ele>1657.6640625</ele>
      </trkpt>
      <trkpt lat="42.773380279541016" lon="24.482367038726807">
        <ele>1655.875</ele>
      </trkpt>
      <trkpt lat="42.773637771606445" lon="24.482388496398926">
        <ele>1653.20703125</ele>
      </trkpt>
      <trkpt lat="42.773702144622803" lon="24.482409954071045">
        <ele>1653.09375</ele>
      </trkpt>
      <trkpt lat="42.773745059967041" lon="24.482409954071045">
        <ele>1653.09375</ele>
      </trkpt>
      <trkpt lat="42.773809432983398" lon="24.482409954071045">
        <ele>1653.09375</ele>
      </trkpt>
      <trkpt lat="42.773895263671875" lon="24.482367038726807">
        <ele>1652.76171875</ele>
      </trkpt>
      <trkpt lat="42.773959636688232" lon="24.482324123382568">
        <ele>1652.62109375</ele>
      </trkpt>
      <trkpt lat="42.774174213409424" lon="24.482302665710449">
        <ele>1654.2578125</ele>
      </trkpt>
      <trkpt lat="42.77428150177002" lon="24.482259750366211">
        <ele>1653.64453125</ele>
      </trkpt>
      <trkpt lat="42.774388790130615" lon="24.482216835021973">
        <ele>1653.50390625</ele>
      </trkpt>
      <trkpt lat="42.77451753616333" lon="24.482088088989258">
        <ele>1652.2890625</ele>
      </trkpt>
      <trkpt lat="42.774732112884521" lon="24.481873512268066">
        <ele>1653.4296875</ele>
      </trkpt>
      <trkpt lat="42.774817943572998" lon="24.481723308563232">
        <ele>1652.97265625</ele>
      </trkpt>
      <trkpt lat="42.774860858917236" lon="24.481573104858398">
        <ele>1652.13671875</ele>
      </trkpt>
      <trkpt lat="42.774925231933594" lon="24.48153018951416">
        <ele>1653.46484375</ele>
      </trkpt>
      <trkpt lat="42.774968147277832" lon="24.481551647186279">
        <ele>1654.7421875</ele>
      </trkpt>
      <trkpt lat="42.775096893310547" lon="24.481744766235352">
        <ele>1657.2421875</ele>
      </trkpt>
      <trkpt lat="42.775247097015381" lon="24.481766223907471">
        <ele>1658.3359375</ele>
      </trkpt>
      <trkpt lat="42.775290012359619" lon="24.48178768157959">
        <ele>1658.50390625</ele>
      </trkpt>
      <trkpt lat="42.775504589080811" lon="24.482002258300781">
        <ele>1650.83203125</ele>
      </trkpt>
      <trkpt lat="42.775697708129883" lon="24.482131004333496">
        <ele>1641.1640625</ele>
      </trkpt>
      <trkpt lat="42.775890827178955" lon="24.482367038726807">
        <ele>1629.015625</ele>
      </trkpt>
      <trkpt lat="42.776556015014648" lon="24.482796192169189">
        <ele>1621.12890625</ele>
      </trkpt>
      <trkpt lat="42.776813507080078" lon="24.482924938201904">
        <ele>1619.55078125</ele>
      </trkpt>
      <trkpt lat="42.776920795440674" lon="24.482946395874023">
        <ele>1620.03125</ele>
      </trkpt>
      <trkpt lat="42.77700662612915" lon="24.482946395874023">
        <ele>1620.36328125</ele>
      </trkpt>
      <trkpt lat="42.777070999145508" lon="24.482817649841309">
        <ele>1621.09375</ele>
      </trkpt>
      <trkpt lat="42.777242660522461" lon="24.482452869415283">
        <ele>1619.75390625</ele>
      </trkpt>
      <trkpt lat="42.777285575866699" lon="24.482302665710449">
        <ele>1619.96484375</ele>
      </trkpt>
      <trkpt lat="42.777371406555176" lon="24.482173919677734">
        <ele>1620.15625</ele>
      </trkpt>
      <trkpt lat="42.777607440948486" lon="24.48204517364502">
        <ele>1614.078125</ele>
      </trkpt>
      <trkpt lat="42.777843475341797" lon="24.481830596923828">
        <ele>1609.98828125</ele>
      </trkpt>
      <trkpt lat="42.777972221374512" lon="24.481637477874756">
        <ele>1607.13671875</ele>
      </trkpt>
      <trkpt lat="42.778036594390869" lon="24.481551647186279">
        <ele>1604.78125</ele>
      </trkpt>
      <trkpt lat="42.778487205505371" lon="24.48153018951416">
        <ele>1596.05859375</ele>
      </trkpt>
      <trkpt lat="42.77902364730835" lon="24.481551647186279">
        <ele>1596.21875</ele>
      </trkpt>
      <trkpt lat="42.77951717376709" lon="24.481358528137207">
        <ele>1598.8671875</ele>
      </trkpt>
      <trkpt lat="42.78001070022583" lon="24.481186866760254">
        <ele>1590.00390625</ele>
      </trkpt>
      <trkpt lat="42.780332565307617" lon="24.481165409088135">
        <ele>1582.42578125</ele>
      </trkpt>
      <trkpt lat="42.780525684356689" lon="24.481101036071777">
        <ele>1578.96484375</ele>
      </trkpt>
      <trkpt lat="42.780826091766357" lon="24.481229782104492">
        <ele>1574.74609375</ele>
      </trkpt>
      <trkpt lat="42.78101921081543" lon="24.481379985809326">
        <ele>1572.48046875</ele>
      </trkpt>
      <trkpt lat="42.781276702880859" lon="24.481701850891113">
        <ele>1569.37109375</ele>
      </trkpt>
      <trkpt lat="42.781534194946289" lon="24.481916427612305">
        <ele>1566.58203125</ele>
      </trkpt>
      <trkpt lat="42.7817702293396" lon="24.482088088989258">
        <ele>1565.7421875</ele>
      </trkpt>
      <trkpt lat="42.781984806060791" lon="24.48228120803833">
        <ele>1561.9609375</ele>
      </trkpt>
      <trkpt lat="42.782135009765625" lon="24.482388496398926">
        <ele>1557.81640625</ele>
      </trkpt>
      <trkpt lat="42.782306671142578" lon="24.482495784759521">
        <ele>1553.6015625</ele>
      </trkpt>
      <trkpt lat="42.782907485961914" lon="24.482882022857666">
        <ele>1534.375</ele>
      </trkpt>
      <trkpt lat="42.783100605010986" lon="24.483160972595215">
        <ele>1529.2734375</ele>
      </trkpt>
      <trkpt lat="42.783229351043701" lon="24.483547210693359">
        <ele>1524.77734375</ele>
      </trkpt>
      <trkpt lat="42.783358097076416" lon="24.483675956726074">
        <ele>1523.203125</ele>
      </trkpt>
      <trkpt lat="42.783572673797607" lon="24.4840407371521">
        <ele>1520.88671875</ele>
      </trkpt>
      <trkpt lat="42.783722877502441" lon="24.484405517578125">
        <ele>1519.83984375</ele>
      </trkpt>
      <trkpt lat="42.783943405374885" lon="24.484965428709984">
        <ele>1524.37109375</ele>
      </trkpt>
      <trkpt lat="42.784152030944824" lon="24.484813213348389">
        <ele>1526.39453125</ele>
      </trkpt>
      <trkpt lat="42.783943405374885" lon="24.484965428709984">
        <ele>1524.37109375</ele>
      </trkpt>
      <trkpt lat="42.78400182723999" lon="24.485113620758057">
        <ele>1524.6953125</ele>
      </trkpt>
      <trkpt lat="42.784109115600586" lon="24.485349655151367">
        <ele>1521.06640625</ele>
      </trkpt>
      <trkpt lat="42.78449535369873" lon="24.48552131652832">
        <ele>1514.98828125</ele>
      </trkpt>
      <trkpt lat="42.784860134124756" lon="24.485692977905273">
        <ele>1508.22265625</ele>
      </trkpt>
      <trkpt lat="42.785096168518066" lon="24.485843181610107">
        <ele>1502.94921875</ele>
      </trkpt>
      <trkpt lat="42.785310745239258" lon="24.486057758331299">
        <ele>1498.6328125</ele>
      </trkpt>
      <trkpt lat="42.785439491271973" lon="24.48627233505249">
        <ele>1496.26953125</ele>
      </trkpt>
      <trkpt lat="42.78599739074707" lon="24.486851692199707">
        <ele>1502.40234375</ele>
      </trkpt>
      <trkpt lat="42.786126136779785" lon="24.48702335357666">
        <ele>1505.37109375</ele>
      </trkpt>
      <trkpt lat="42.786362171173096" lon="24.487195014953613">
        <ele>1512.609375</ele>
      </trkpt>
      <trkpt lat="42.786598205566406" lon="24.487366676330566">
        <ele>1518.19921875</ele>
      </trkpt>
      <trkpt lat="42.786877155303955" lon="24.487667083740234">
        <ele>1521.69140625</ele>
      </trkpt>
      <trkpt lat="42.787370681762695" lon="24.487946033477783">
        <ele>1531.140625</ele>
      </trkpt>
      <trkpt lat="42.78775691986084" lon="24.488203525543213">
        <ele>1537.83984375</ele>
      </trkpt>
      <trkpt lat="42.788100242614746" lon="24.488439559936523">
        <ele>1544.47265625</ele>
      </trkpt>
      <trkpt lat="42.788271903991699" lon="24.488611221313477">
        <ele>1549.74609375</ele>
      </trkpt>
      <trkpt lat="42.788550853729248" lon="24.489254951477051">
        <ele>1554.9453125</ele>
      </trkpt>
      <trkpt lat="42.788658142089844" lon="24.4895339012146">
        <ele>1558.28515625</ele>
      </trkpt>
      <trkpt lat="42.788786888122559" lon="24.489812850952148">
        <ele>1560.99609375</ele>
      </trkpt>
      <trkpt lat="42.788872718811035" lon="24.489920139312744">
        <ele>1562.64453125</ele>
      </trkpt>
      <trkpt lat="42.789044380187988" lon="24.490156173706055">
        <ele>1565.36328125</ele>
      </trkpt>
      <trkpt lat="42.78949499130249" lon="24.490563869476318">
        <ele>1569.1171875</ele>
      </trkpt>
      <trkpt lat="42.789945602416992" lon="24.490928649902344">
        <ele>1570.8984375</ele>
      </trkpt>
      <trkpt lat="42.79024600982666" lon="24.491186141967773">
        <ele>1572.546875</ele>
      </trkpt>
      <trkpt lat="42.790610790252686" lon="24.491400718688965">
        <ele>1577.94921875</ele>
      </trkpt>
      <trkpt lat="42.790825366973877" lon="24.491465091705322">
        <ele>1578.7734375</ele>
      </trkpt>
      <trkpt lat="42.791104316711426" lon="24.491465091705322">
        <ele>1579.49609375</ele>
      </trkpt>
      <trkpt lat="42.791318893432617" lon="24.49152946472168">
        <ele>1578.765625</ele>
      </trkpt>
      <trkpt lat="42.791447639465332" lon="24.491615295410156">
        <ele>1576.8671875</ele>
      </trkpt>
      <trkpt lat="42.791683673858643" lon="24.491786956787109">
        <ele>1578.80078125</ele>
      </trkpt>
      <trkpt lat="42.791812419891357" lon="24.491829872131348">
        <ele>1581.8828125</ele>
      </trkpt>
      <trkpt lat="42.791984081268311" lon="24.491980075836182">
        <ele>1584.1015625</ele>
      </trkpt>
      <trkpt lat="42.792069911956787" lon="24.492044448852539">
        <ele>1585.3125</ele>
      </trkpt>
      <trkpt lat="42.79224157333374" lon="24.492216110229492">
        <ele>1587.96875</ele>
      </trkpt>
      <trkpt lat="42.792413234710693" lon="24.492452144622803">
        <ele>1591.5390625</ele>
      </trkpt>
      <trkpt lat="42.79249906539917" lon="24.492602348327637">
        <ele>1593.69140625</ele>
      </trkpt>
      <trkpt lat="42.792541980743408" lon="24.492688179016113">
        <ele>1594.33984375</ele>
      </trkpt>
      <trkpt lat="42.792563438415527" lon="24.492752552032471">
        <ele>1594.234375</ele>
      </trkpt>
      <trkpt lat="42.792606353759766" lon="24.492752552032471">
        <ele>1595.97265625</ele>
      </trkpt>
      <trkpt lat="42.79273509979248" lon="24.492988586425781">
        <ele>1598.0703125</ele>
      </trkpt>
      <trkpt lat="42.792799472808838" lon="24.493117332458496">
        <ele>1599.421875</ele>
      </trkpt>
      <trkpt lat="42.792949676513672" lon="24.493546485900879">
        <ele>1597.90234375</ele>
      </trkpt>
      <trkpt lat="42.793078422546387" lon="24.493718147277832">
        <ele>1599.10546875</ele>
      </trkpt>
      <trkpt lat="42.793164253234863" lon="24.493868350982666">
        <ele>1598.8125</ele>
      </trkpt>
      <trkpt lat="42.793207168579102" lon="24.494040012359619">
        <ele>1598.48828125</ele>
      </trkpt>
      <trkpt lat="42.79325008392334" lon="24.494190216064453">
        <ele>1598.2421875</ele>
      </trkpt>
      <trkpt lat="42.793335914611816" lon="24.494318962097168">
        <ele>1600.3046875</ele>
      </trkpt>
      <trkpt lat="42.793571949005127" lon="24.494662284851074">
        <ele>1607.86328125</ele>
      </trkpt>
      <trkpt lat="42.793636322021484" lon="24.494705200195313">
        <ele>1609.6953125</ele>
      </trkpt>
      <trkpt lat="42.793636322021484" lon="24.494898319244385">
        <ele>1609.140625</ele>
      </trkpt>
      <trkpt lat="42.793593406677246" lon="24.495155811309814">
        <ele>1610.3125</ele>
      </trkpt>
      <trkpt lat="42.79350757598877" lon="24.495391845703125">
        <ele>1610.6640625</ele>
      </trkpt>
      <trkpt lat="42.793378829956055" lon="24.495713710784912">
        <ele>1610.72265625</ele>
      </trkpt>
      <trkpt lat="42.79325008392334" lon="24.495992660522461">
        <ele>1607.04296875</ele>
      </trkpt>
      <trkpt lat="42.793142795562744" lon="24.496250152587891">
        <ele>1604.93359375</ele>
      </trkpt>
      <trkpt lat="42.793099880218506" lon="24.496400356292725">
        <ele>1604.421875</ele>
      </trkpt>
      <trkpt lat="42.793099880218506" lon="24.49650764465332">
        <ele>1604.359375</ele>
      </trkpt>
      <trkpt lat="42.793078422546387" lon="24.496614933013916">
        <ele>1603.70703125</ele>
      </trkpt>
      <trkpt lat="42.793014049530029" lon="24.49676513671875">
        <ele>1600.390625</ele>
      </trkpt>
      <trkpt lat="42.792971134185791" lon="24.496936798095703">
        <ele>1596.28125</ele>
      </trkpt>
      <trkpt lat="42.792863845825195" lon="24.497129917144775">
        <ele>1592.15625</ele>
      </trkpt>
      <trkpt lat="42.792799472808838" lon="24.497559070587158">
        <ele>1590.89453125</ele>
      </trkpt>
      <trkpt lat="42.792713642120361" lon="24.497838020324707">
        <ele>1582.875</ele>
      </trkpt>
      <trkpt lat="42.792713642120361" lon="24.498031139373779">
        <ele>1580.4140625</ele>
      </trkpt>
      <trkpt lat="42.79273509979248" lon="24.498181343078613">
        <ele>1579.609375</ele>
      </trkpt>
      <trkpt lat="42.792713642120361" lon="24.498395919799805">
        <ele>1577.1328125</ele>
      </trkpt>
      <trkpt lat="42.792713642120361" lon="24.498610496520996">
        <ele>1575.64453125</ele>
      </trkpt>
      <trkpt lat="42.792606353759766" lon="24.498825073242187">
        <ele>1575.11328125</ele>
      </trkpt>
      <trkpt lat="42.792520523071289" lon="24.499297142028809">
        <ele>1580.97265625</ele>
      </trkpt>
      <trkpt lat="42.79249906539917" lon="24.499790668487549">
        <ele>1586.4296875</ele>
      </trkpt>
      <trkpt lat="42.792477607727051" lon="24.50000524520874">
        <ele>1591.18359375</ele>
      </trkpt>
      <trkpt lat="42.792456150054932" lon="24.500133991241455">
        <ele>1594.55078125</ele>
      </trkpt>
      <trkpt lat="42.792370319366455" lon="24.500391483306885">
        <ele>1601.91015625</ele>
      </trkpt>
      <trkpt lat="42.792370319366455" lon="24.500648975372314">
        <ele>1607.203125</ele>
      </trkpt>
      <trkpt lat="42.792370319366455" lon="24.500842094421387">
        <ele>1609.2734375</ele>
      </trkpt>
      <trkpt lat="42.792413234710693" lon="24.501121044158936">
        <ele>1609.03515625</ele>
      </trkpt>
      <trkpt lat="42.792520523071289" lon="24.501571655273438">
        <ele>1613.7109375</ele>
      </trkpt>
      <trkpt lat="42.792606353759766" lon="24.501850605010986">
        <ele>1614.640625</ele>
      </trkpt>
      <trkpt lat="42.792563438415527" lon="24.502151012420654">
        <ele>1610.1953125</ele>
      </trkpt>
      <trkpt lat="42.79249906539917" lon="24.502451419830322">
        <ele>1607.37890625</ele>
      </trkpt>
      <trkpt lat="42.792348861694336" lon="24.502708911895752">
        <ele>1602.9375</ele>
      </trkpt>
      <trkpt lat="42.79224157333374" lon="24.503138065338135">
        <ele>1601.11328125</ele>
      </trkpt>
      <trkpt lat="42.792112827301025" lon="24.503610134124756">
        <ele>1592.921875</ele>
      </trkpt>
      <trkpt lat="42.792048454284668" lon="24.503781795501709">
        <ele>1591.9296875</ele>
      </trkpt>
      <trkpt lat="42.792026996612549" lon="24.503931999206543">
        <ele>1592.17578125</ele>
      </trkpt>
      <trkpt lat="42.792112827301025" lon="24.50401782989502">
        <ele>1591.79296875</ele>
      </trkpt>
      <trkpt lat="42.792177200317383" lon="24.504125118255615">
        <ele>1590.02734375</ele>
      </trkpt>
      <trkpt lat="42.792263031005859" lon="24.504404067993164">
        <ele>1584.32421875</ele>
      </trkpt>
      <trkpt lat="42.792284488677979" lon="24.504919052124023">
        <ele>1578.015625</ele>
      </trkpt>
      <trkpt lat="42.792284488677979" lon="24.50526237487793">
        <ele>1573.140625</ele>
      </trkpt>
      <trkpt lat="42.792263031005859" lon="24.505541324615479">
        <ele>1572.40625</ele>
      </trkpt>
      <trkpt lat="42.792220115661621" lon="24.50575590133667">
        <ele>1568.51171875</ele>
      </trkpt>
      <trkpt lat="42.792263031005859" lon="24.505906105041504">
        <ele>1570.21875</ele>
      </trkpt>
      <trkpt lat="42.792284488677979" lon="24.506077766418457">
        <ele>1567.765625</ele>
      </trkpt>
      <trkpt lat="42.792305946350098" lon="24.506292343139648">
        <ele>1564.5625</ele>
      </trkpt>
      <trkpt lat="42.792413234710693" lon="24.506485462188721">
        <ele>1564.9765625</ele>
      </trkpt>
      <trkpt lat="42.792434692382813" lon="24.506657123565674">
        <ele>1562.6875</ele>
      </trkpt>
      <trkpt lat="42.79249906539917" lon="24.506828784942627">
        <ele>1562.6953125</ele>
      </trkpt>
      <trkpt lat="42.792520523071289" lon="24.50700044631958">
        <ele>1561.01953125</ele>
      </trkpt>
      <trkpt lat="42.792606353759766" lon="24.50725793838501">
        <ele>1556.9765625</ele>
      </trkpt>
      <trkpt lat="42.792670726776123" lon="24.50749397277832">
        <ele>1559.7890625</ele>
      </trkpt>
      <trkpt lat="42.792842388153076" lon="24.508609771728516">
        <ele>1575.8671875</ele>
      </trkpt>
      <trkpt lat="42.792863845825195" lon="24.508695602416992">
        <ele>1576.484375</ele>
      </trkpt>
      <trkpt lat="42.792842388153076" lon="24.50875997543335">
        <ele>1578.58984375</ele>
      </trkpt>
      <trkpt lat="42.792842388153076" lon="24.508888721466064">
        <ele>1580.47265625</ele>
      </trkpt>
      <trkpt lat="42.792867282405496" lon="24.508955022320151">
        <ele>1579.91015625</ele>
      </trkpt>
      <trkpt lat="42.792778015136719" lon="24.509017467498779">
        <ele>1583.9921875</ele>
      </trkpt>
      <trkpt lat="42.792867282405496" lon="24.508955022320151">
        <ele>1579.91015625</ele>
      </trkpt>
      <trkpt lat="42.792906761169434" lon="24.509060382843018">
        <ele>1578.296875</ele>
      </trkpt>
      <trkpt lat="42.792928218841553" lon="24.509532451629639">
        <ele>1580.57421875</ele>
      </trkpt>
      <trkpt lat="42.792949676513672" lon="24.509768486022949">
        <ele>1581.03515625</ele>
      </trkpt>
      <trkpt lat="42.792885303497314" lon="24.510068893432617">
        <ele>1579.3046875</ele>
      </trkpt>
      <trkpt lat="42.792906761169434" lon="24.510111808776855">
        <ele>1578.0390625</ele>
      </trkpt>
      <trkpt lat="42.792949676513672" lon="24.510455131530762">
        <ele>1574.0234375</ele>
      </trkpt>
      <trkpt lat="42.79299259185791" lon="24.510712623596191">
        <ele>1573.76171875</ele>
      </trkpt>
      <trkpt lat="42.792949676513672" lon="24.51075553894043">
        <ele>1571.22265625</ele>
      </trkpt>
      <trkpt lat="42.792949676513672" lon="24.510948657989502">
        <ele>1568.96875</ele>
      </trkpt>
      <trkpt lat="42.792971134185791" lon="24.511013031005859">
        <ele>1570.2421875</ele>
      </trkpt>
      <trkpt lat="42.792971134185791" lon="24.511077404022217">
        <ele>1570.30078125</ele>
      </trkpt>
      <trkpt lat="42.792949676513672" lon="24.511120319366455">
        <ele>1568.92578125</ele>
      </trkpt>
      <trkpt lat="42.792885303497314" lon="24.511206150054932">
        <ele>1564.96875</ele>
      </trkpt>
      <trkpt lat="42.792820930480957" lon="24.511399269104004">
        <ele>1563.45703125</ele>
      </trkpt>
      <trkpt lat="42.792799472808838" lon="24.511635303497314">
        <ele>1566.46484375</ele>
      </trkpt>
      <trkpt lat="42.79273509979248" lon="24.511914253234863">
        <ele>1568.2734375</ele>
      </trkpt>
      <trkpt lat="42.792606353759766" lon="24.51223611831665">
        <ele>1569.1328125</ele>
      </trkpt>
      <trkpt lat="42.792456150054932" lon="24.512450695037842">
        <ele>1562.8671875</ele>
      </trkpt>
      <trkpt lat="42.792456150054932" lon="24.512622356414795">
        <ele>1564.59375</ele>
      </trkpt>
      <trkpt lat="42.792477607727051" lon="24.512901306152344">
        <ele>1562.1953125</ele>
      </trkpt>
      <trkpt lat="42.792520523071289" lon="24.513115882873535">
        <ele>1561.6015625</ele>
      </trkpt>
      <trkpt lat="42.792477607727051" lon="24.513373374938965">
        <ele>1559.83203125</ele>
      </trkpt>
      <trkpt lat="42.792370319366455" lon="24.513587951660156">
        <ele>1556.5234375</ele>
      </trkpt>
      <trkpt lat="42.792155742645264" lon="24.514060020446777">
        <ele>1559.37890625</ele>
      </trkpt>
      <trkpt lat="42.791919708251953" lon="24.514403343200684">
        <ele>1561.68359375</ele>
      </trkpt>
      <trkpt lat="42.791683673858643" lon="24.514575004577637">
        <ele>1562.6328125</ele>
      </trkpt>
      <trkpt lat="42.791426181793213" lon="24.514639377593994">
        <ele>1556.69140625</ele>
      </trkpt>
      <trkpt lat="42.79125452041626" lon="24.514896869659424">
        <ele>1557.28515625</ele>
      </trkpt>
      <trkpt lat="42.791211605072021" lon="24.515089988708496">
        <ele>1560.39453125</ele>
      </trkpt>
      <trkpt lat="42.79099702835083" lon="24.515283107757568">
        <ele>1560.73046875</ele>
      </trkpt>
      <trkpt lat="42.790718078613281" lon="24.51549768447876">
        <ele>1559.9140625</ele>
      </trkpt>
      <trkpt lat="42.790460586547852" lon="24.515540599822998">
        <ele>1552.984375</ele>
      </trkpt>
      <trkpt lat="42.790331840515137" lon="24.515604972839355">
        <ele>1549.828125</ele>
      </trkpt>
      <trkpt lat="42.790288925170898" lon="24.515841007232666">
        <ele>1548.98828125</ele>
      </trkpt>
      <trkpt lat="42.790288925170898" lon="24.516098499298096">
        <ele>1550.72265625</ele>
      </trkpt>
      <trkpt lat="42.79024600982666" lon="24.516527652740479">
        <ele>1549.5703125</ele>
      </trkpt>
      <trkpt lat="42.790224552154541" lon="24.516956806182861">
        <ele>1549.90625</ele>
      </trkpt>
      <trkpt lat="42.790203094482422" lon="24.517171382904053">
        <ele>1551.52734375</ele>
      </trkpt>
      <trkpt lat="42.790138721466064" lon="24.517385959625244">
        <ele>1550.515625</ele>
      </trkpt>
      <trkpt lat="42.790095806121826" lon="24.51749324798584">
        <ele>1548.91015625</ele>
      </trkpt>
      <trkpt lat="42.790074348449707" lon="24.517686367034912">
        <ele>1552.6875</ele>
      </trkpt>
      <trkpt lat="42.790031433105469" lon="24.517793655395508">
        <ele>1553.44140625</ele>
      </trkpt>
      <trkpt lat="42.789945602416992" lon="24.517922401428223">
        <ele>1548.51171875</ele>
      </trkpt>
      <trkpt lat="42.789881229400635" lon="24.518179893493652">
        <ele>1548.5703125</ele>
      </trkpt>
      <trkpt lat="42.789838314056396" lon="24.518351554870605">
        <ele>1550.3046875</ele>
      </trkpt>
      <trkpt lat="42.789795398712158" lon="24.518566131591797">
        <ele>1555.421875</ele>
      </trkpt>
      <trkpt lat="42.78975248336792" lon="24.518673419952393">
        <ele>1557.44921875</ele>
      </trkpt>
      <trkpt lat="42.789773941040039" lon="24.51873779296875">
        <ele>1561.63671875</ele>
      </trkpt>
      <trkpt lat="42.789731025695801" lon="24.518802165985107">
        <ele>1561.84765625</ele>
      </trkpt>
      <trkpt lat="42.789709568023682" lon="24.518930912017822">
        <ele>1566.3984375</ele>
      </trkpt>
      <trkpt lat="42.789688110351563" lon="24.519124031066895">
        <ele>1569.91015625</ele>
      </trkpt>
      <trkpt lat="42.789645195007324" lon="24.519166946411133">
        <ele>1568.984375</ele>
      </trkpt>
      <trkpt lat="42.789537906646729" lon="24.519209861755371">
        <ele>1565.8671875</ele>
      </trkpt>
      <trkpt lat="42.789452075958252" lon="24.519317150115967">
        <ele>1565.81640625</ele>
      </trkpt>
      <trkpt lat="42.789430618286133" lon="24.519402980804443">
        <ele>1567.80859375</ele>
      </trkpt>
      <trkpt lat="42.789280414581299" lon="24.519596099853516">
        <ele>1565.9609375</ele>
      </trkpt>
      <trkpt lat="42.789108753204346" lon="24.519939422607422">
        <ele>1569.96484375</ele>
      </trkpt>
      <trkpt lat="42.788894176483154" lon="24.520304203033447">
        <ele>1578.46875</ele>
      </trkpt>
      <trkpt lat="42.788701057434082" lon="24.52049732208252">
        <ele>1580.17578125</ele>
      </trkpt>
      <trkpt lat="42.788486480712891" lon="24.520604610443115">
        <ele>1580.73046875</ele>
      </trkpt>
      <trkpt lat="42.788314819335938" lon="24.520626068115234">
        <ele>1578.0078125</ele>
      </trkpt>
      <trkpt lat="42.788207530975342" lon="24.52073335647583">
        <ele>1577.78125</ele>
      </trkpt>
      <trkpt lat="42.788143157958984" lon="24.520926475524902">
        <ele>1580.765625</ele>
      </trkpt>
      <trkpt lat="42.788035869598389" lon="24.521334171295166">
        <ele>1586.97265625</ele>
      </trkpt>
      <trkpt lat="42.78801441192627" lon="24.521677494049072">
        <ele>1588.45703125</ele>
      </trkpt>
      <trkpt lat="42.788035869598389" lon="24.521870613098145">
        <ele>1588.37890625</ele>
      </trkpt>
      <trkpt lat="42.788143157958984" lon="24.522213935852051">
        <ele>1591.76953125</ele>
      </trkpt>
      <trkpt lat="42.788271903991699" lon="24.522578716278076">
        <ele>1592.74609375</ele>
      </trkpt>
      <trkpt lat="42.788336277008057" lon="24.522900581359863">
        <ele>1594.0234375</ele>
      </trkpt>
      <trkpt lat="42.788336277008057" lon="24.523115158081055">
        <ele>1595.44921875</ele>
      </trkpt>
      <trkpt lat="42.788314819335938" lon="24.523286819458008">
        <ele>1595.28515625</ele>
      </trkpt>
      <trkpt lat="42.788314819335938" lon="24.523608684539795">
        <ele>1601.453125</ele>
      </trkpt>
      <trkpt lat="42.788293361663818" lon="24.523715972900391">
        <ele>1601.51953125</ele>
      </trkpt>
      <trkpt lat="42.78825044631958" lon="24.523887634277344">
        <ele>1598.23828125</ele>
      </trkpt>
      <trkpt lat="42.788271903991699" lon="24.523994922637939">
        <ele>1598.171875</ele>
      </trkpt>
      <trkpt lat="42.788379192352295" lon="24.524080753326416">
        <ele>1602.48828125</ele>
      </trkpt>
      <trkpt lat="42.788486480712891" lon="24.52423095703125">
        <ele>1599.6640625</ele>
      </trkpt>
      <trkpt lat="42.788529396057129" lon="24.524295330047607">
        <ele>1599.3359375</ele>
      </trkpt>
      <trkpt lat="42.788572311401367" lon="24.524316787719727">
        <ele>1599.6640625</ele>
      </trkpt>
      <trkpt lat="42.788550853729248" lon="24.524424076080322">
        <ele>1597.6875</ele>
      </trkpt>
      <trkpt lat="42.788529396057129" lon="24.524531364440918">
        <ele>1595.8046875</ele>
      </trkpt>
      <trkpt lat="42.788465023040771" lon="24.524617195129395">
        <ele>1593.9921875</ele>
      </trkpt>
      <trkpt lat="42.788400650024414" lon="24.524703025817871">
        <ele>1592.48828125</ele>
      </trkpt>
      <trkpt lat="42.788379192352295" lon="24.524788856506348">
        <ele>1591.6015625</ele>
      </trkpt>
      <trkpt lat="42.788400650024414" lon="24.524960517883301">
        <ele>1590.046875</ele>
      </trkpt>
      <trkpt lat="42.788314819335938" lon="24.525175094604492">
        <ele>1587.5546875</ele>
      </trkpt>
      <trkpt lat="42.788186073303223" lon="24.525368213653564">
        <ele>1587.046875</ele>
      </trkpt>
      <trkpt lat="42.788121700286865" lon="24.525518417358398">
        <ele>1588.3203125</ele>
      </trkpt>
      <trkpt lat="42.788035869598389" lon="24.525840282440186">
        <ele>1590.5234375</ele>
      </trkpt>
      <trkpt lat="42.78801441192627" lon="24.526033401489258">
        <ele>1594.5859375</ele>
      </trkpt>
      <trkpt lat="42.78799295425415" lon="24.526162147521973">
        <ele>1597.63671875</ele>
      </trkpt>
      <trkpt lat="42.787950038909912" lon="24.52622652053833">
        <ele>1597.9453125</ele>
      </trkpt>
      <trkpt lat="42.787885665893555" lon="24.526290893554687">
        <ele>1597.93359375</ele>
      </trkpt>
      <trkpt lat="42.787842750549316" lon="24.526398181915283">
        <ele>1599.4921875</ele>
      </trkpt>
      <trkpt lat="42.787799835205078" lon="24.526526927947998">
        <ele>1601.57421875</ele>
      </trkpt>
      <trkpt lat="42.787735462188721" lon="24.526612758636475">
        <ele>1600.59765625</ele>
      </trkpt>
      <trkpt lat="42.787649631500244" lon="24.52672004699707">
        <ele>1599.51953125</ele>
      </trkpt>
      <trkpt lat="42.787585258483887" lon="24.526784420013428">
        <ele>1598.046875</ele>
      </trkpt>
      <trkpt lat="42.78749942779541" lon="24.526870250701904">
        <ele>1596.0703125</ele>
      </trkpt>
      <trkpt lat="42.787456512451172" lon="24.526934623718262">
        <ele>1595.73828125</ele>
      </trkpt>
      <trkpt lat="42.787370681762695" lon="24.526998996734619">
        <ele>1593.09765625</ele>
      </trkpt>
      <trkpt lat="42.787306308746338" lon="24.527084827423096">
        <ele>1592.375</ele>
      </trkpt>
      <trkpt lat="42.7872633934021" lon="24.527106285095215">
        <ele>1590.625</ele>
      </trkpt>
      <trkpt lat="42.787177562713623" lon="24.52723503112793">
        <ele>1589.41015625</ele>
      </trkpt>
      <trkpt lat="42.787134647369385" lon="24.527299404144287">
        <ele>1588.8125</ele>
      </trkpt>
      <trkpt lat="42.787070274353027" lon="24.527277946472168">
        <ele>1584.03125</ele>
      </trkpt>
      <trkpt lat="42.78700590133667" lon="24.52723503112793">
        <ele>1579.05859375</ele>
      </trkpt>
      <trkpt lat="42.786920070648193" lon="24.527299404144287">
        <ele>1575.11328125</ele>
      </trkpt>
      <trkpt lat="42.786855697631836" lon="24.527406692504883">
        <ele>1574.78515625</ele>
      </trkpt>
      <trkpt lat="42.786834239959717" lon="24.527556896209717">
        <ele>1579.0703125</ele>
      </trkpt>
      <trkpt lat="42.786726951599121" lon="24.527621269226074">
        <ele>1573.6875</ele>
      </trkpt>
      <trkpt lat="42.786684036254883" lon="24.527664184570313">
        <ele>1572.23046875</ele>
      </trkpt>
      <trkpt lat="42.786662578582764" lon="24.527621269226074">
        <ele>1569.6015625</ele>
      </trkpt>
      <trkpt lat="42.786555290222168" lon="24.527750015258789">
        <ele>1567.703125</ele>
      </trkpt>
      <trkpt lat="42.786490917205811" lon="24.527750015258789">
        <ele>1564.08984375</ele>
      </trkpt>
      <trkpt lat="42.786469459533691" lon="24.527792930603027">
        <ele>1564.48828125</ele>
      </trkpt>
      <trkpt lat="42.786405086517334" lon="24.527878761291504">
        <ele>1563.7734375</ele>
      </trkpt>
      <trkpt lat="42.786319255828857" lon="24.52796459197998">
        <ele>1561.796875</ele>
      </trkpt>
      <trkpt lat="42.786233425140381" lon="24.528028964996338">
        <ele>1559.32421875</ele>
      </trkpt>
      <trkpt lat="42.786126136779785" lon="24.528200626373291">
        <ele>1558.40234375</ele>
      </trkpt>
      <trkpt lat="42.786061763763428" lon="24.528329372406006">
        <ele>1558.88671875</ele>
      </trkpt>
      <trkpt lat="42.785954475402832" lon="24.528436660766602">
        <ele>1557.6484375</ele>
      </trkpt>
      <trkpt lat="42.785911560058594" lon="24.52847957611084">
        <ele>1557.3359375</ele>
      </trkpt>
      <trkpt lat="42.785868644714355" lon="24.528522491455078">
        <ele>1557.09765625</ele>
      </trkpt>
      <trkpt lat="42.785804271697998" lon="24.528608322143555">
        <ele>1557.26171875</ele>
      </trkpt>
      <trkpt lat="42.785654067993164" lon="24.528779983520508">
        <ele>1556.765625</ele>
      </trkpt>
      <trkpt lat="42.785568237304688" lon="24.528930187225342">
        <ele>1558.30078125</ele>
      </trkpt>
      <trkpt lat="42.785460948944092" lon="24.529123306274414">
        <ele>1560.2734375</ele>
      </trkpt>
      <trkpt lat="42.785375118255615" lon="24.529294967651367">
        <ele>1560.29296875</ele>
      </trkpt>
      <trkpt lat="42.785310745239258" lon="24.529509544372559">
        <ele>1559.28125</ele>
      </trkpt>
      <trkpt lat="42.78530940413475" lon="24.529519183561206">
        <ele>1559.59375</ele>
      </trkpt>
      <trkpt lat="42.785289287567139" lon="24.529659748077393">
        <ele>1559.61328125</ele>
      </trkpt>
      <trkpt lat="42.785289287567139" lon="24.529960155487061">
        <ele>1560.41015625</ele>
      </trkpt>
      <trkpt lat="42.78526782989502" lon="24.530110359191895">
        <ele>1558.390625</ele>
      </trkpt>
      <trkpt lat="42.785310745239258" lon="24.530260562896729">
        <ele>1558.390625</ele>
      </trkpt>
      <trkpt lat="42.78550386428833" lon="24.530560970306396">
        <ele>1558.62890625</ele>
      </trkpt>
      <trkpt lat="42.785654067993164" lon="24.53073263168335">
        <ele>1560.359375</ele>
      </trkpt>
      <trkpt lat="42.785847187042236" lon="24.530990123748779">
        <ele>1561.48828125</ele>
      </trkpt>
      <trkpt lat="42.785911560058594" lon="24.531183242797852">
        <ele>1559.6171875</ele>
      </trkpt>
      <trkpt lat="42.78599739074707" lon="24.531505107879639">
        <ele>1559.359375</ele>
      </trkpt>
      <trkpt lat="42.786018848419189" lon="24.531784057617188">
        <ele>1558.4453125</ele>
      </trkpt>
      <trkpt lat="42.786061763763428" lon="24.531955718994141">
        <ele>1559.1328125</ele>
      </trkpt>
      <trkpt lat="42.786233425140381" lon="24.532256126403809">
        <ele>1559.3828125</ele>
      </trkpt>
      <trkpt lat="42.786426544189453" lon="24.532406330108643">
        <ele>1560.125</ele>
      </trkpt>
      <trkpt lat="42.78651237487793" lon="24.532577991485596">
        <ele>1557.015625</ele>
      </trkpt>
      <trkpt lat="42.786598205566406" lon="24.532706737518311">
        <ele>1557.34375</ele>
      </trkpt>
      <trkpt lat="42.786705493927002" lon="24.532985687255859">
        <ele>1553.79296875</ele>
      </trkpt>
      <trkpt lat="42.786834239959717" lon="24.533200263977051">
        <ele>1554.17578125</ele>
      </trkpt>
      <trkpt lat="42.786898612976074" lon="24.533329010009766">
        <ele>1554.17578125</ele>
      </trkpt>
      <trkpt lat="42.78700590133667" lon="24.533543586730957">
        <ele>1551.43359375</ele>
      </trkpt>
      <trkpt lat="42.787177562713623" lon="24.53371524810791">
        <ele>1551.43359375</ele>
      </trkpt>
      <trkpt lat="42.787366323173046" lon="24.533878779038787">
        <ele>1552.59765625</ele>
      </trkpt>
      <trkpt lat="42.78749942779541" lon="24.533994197845459">
        <ele>1553.4765625</ele>
      </trkpt>
      <trkpt lat="42.787649631500244" lon="24.534251689910889">
        <ele>1549.55859375</ele>
      </trkpt>
      <trkpt lat="42.787714004516602" lon="24.534401893615723">
        <ele>1547.25</ele>
      </trkpt>
      <trkpt lat="42.787799835205078" lon="24.534487724304199">
        <ele>1548.5703125</ele>
      </trkpt>
      <trkpt lat="42.787928581237793" lon="24.534680843353271">
        <ele>1548.921875</ele>
      </trkpt>
      <trkpt lat="42.78801441192627" lon="24.534895420074463">
        <ele>1545.67578125</ele>
      </trkpt>
      <trkpt lat="42.788057327270508" lon="24.534916877746582">
        <ele>1547.61328125</ele>
      </trkpt>
      <trkpt lat="42.788143157958984" lon="24.534938335418701">
        <ele>1551.3515625</ele>
      </trkpt>
      <trkpt lat="42.788207530975342" lon="24.534981250762939">
        <ele>1552.6015625</ele>
      </trkpt>
      <trkpt lat="42.78825044631958" lon="24.535067081451416">
        <ele>1551.7578125</ele>
      </trkpt>
      <trkpt lat="42.788271903991699" lon="24.535195827484131">
        <ele>1550.05859375</ele>
      </trkpt>
      <trkpt lat="42.78825044631958" lon="24.535324573516846">
        <ele>1546.0390625</ele>
      </trkpt>
      <trkpt lat="42.78825044631958" lon="24.53547477722168">
        <ele>1546.44921875</ele>
      </trkpt>
      <trkpt lat="42.78825044631958" lon="24.535646438598633">
        <ele>1546.5546875</ele>
      </trkpt>
      <trkpt lat="42.78825044631958" lon="24.535775184631348">
        <ele>1545.45703125</ele>
      </trkpt>
      <trkpt lat="42.78825044631958" lon="24.536054134368896">
        <ele>1543.9453125</ele>
      </trkpt>
      <trkpt lat="42.78825044631958" lon="24.536290168762207">
        <ele>1541.7109375</ele>
      </trkpt>
      <trkpt lat="42.788271903991699" lon="24.536375999450684">
        <ele>1541.7109375</ele>
      </trkpt>
      <trkpt lat="42.788336277008057" lon="24.536654949188232">
        <ele>1541.73046875</ele>
      </trkpt>
      <trkpt lat="42.788357734680176" lon="24.536826610565186">
        <ele>1541.109375</ele>
      </trkpt>
      <trkpt lat="42.788400650024414" lon="24.536998271942139">
        <ele>1541.11328125</ele>
      </trkpt>
      <trkpt lat="42.788465023040771" lon="24.537148475646973">
        <ele>1540.5625</ele>
      </trkpt>
      <trkpt lat="42.788486480712891" lon="24.537363052368164">
        <ele>1540.58203125</ele>
      </trkpt>
      <trkpt lat="42.78850793838501" lon="24.537556171417236">
        <ele>1542.99609375</ele>
      </trkpt>
      <trkpt lat="42.788486480712891" lon="24.537642002105713">
        <ele>1544.7109375</ele>
      </trkpt>
      <trkpt lat="42.788443565368652" lon="24.537920951843262">
        <ele>1551.078125</ele>
      </trkpt>
      <trkpt lat="42.788357734680176" lon="24.538092613220215">
        <ele>1554.8984375</ele>
      </trkpt>
      <trkpt lat="42.788336277008057" lon="24.538307189941406">
        <ele>1558.97265625</ele>
      </trkpt>
      <trkpt lat="42.788400650024414" lon="24.538629055023193">
        <ele>1566.23046875</ele>
      </trkpt>
      <trkpt lat="42.788357734680176" lon="24.538800716400146">
        <ele>1568.96875</ele>
      </trkpt>
      <trkpt lat="42.788314819335938" lon="24.539079666137695">
        <ele>1573.515625</ele>
      </trkpt>
      <trkpt lat="42.788228988647461" lon="24.53946590423584">
        <ele>1579.24609375</ele>
      </trkpt>
      <trkpt lat="42.788143157958984" lon="24.53970193862915">
        <ele>1581.5</ele>
      </trkpt>
      <trkpt lat="42.788078784942627" lon="24.539852142333984">
        <ele>1581.6484375</ele>
      </trkpt>
      <trkpt lat="42.78799295425415" lon="24.540045261383057">
        <ele>1579.1640625</ele>
      </trkpt>
      <trkpt lat="42.788207530975342" lon="24.540238380432129">
        <ele>1584.55078125</ele>
      </trkpt>
      <trkpt lat="42.788357734680176" lon="24.540410041809082">
        <ele>1586.4296875</ele>
      </trkpt>
      <trkpt lat="42.78850793838501" lon="24.540495872497559">
        <ele>1590.7578125</ele>
      </trkpt>
      <trkpt lat="42.788615226745605" lon="24.540667533874512">
        <ele>1590.85546875</ele>
      </trkpt>
      <trkpt lat="42.78874397277832" lon="24.540882110595703">
        <ele>1592.6484375</ele>
      </trkpt>
      <trkpt lat="42.788829803466797" lon="24.541225433349609">
        <ele>1595.8984375</ele>
      </trkpt>
      <trkpt lat="42.788872718811035" lon="24.541654586791992">
        <ele>1599.55859375</ele>
      </trkpt>
      <trkpt lat="42.788851261138916" lon="24.541804790496826">
        <ele>1600.2265625</ele>
      </trkpt>
      <trkpt lat="42.788851261138916" lon="24.54221248626709">
        <ele>1603.9140625</ele>
      </trkpt>
      <trkpt lat="42.788958549499512" lon="24.542684555053711">
        <ele>1610.70703125</ele>
      </trkpt>
      <trkpt lat="42.788958549499512" lon="24.543135166168213">
        <ele>1613.19140625</ele>
      </trkpt>
      <trkpt lat="42.788872718811035" lon="24.543414115905762">
        <ele>1613.23828125</ele>
      </trkpt>
      <trkpt lat="42.788786888122559" lon="24.54371452331543">
        <ele>1617.25390625</ele>
      </trkpt>
      <trkpt lat="42.788554960861802" lon="24.5440355502069">
        <ele>1619.7890625</ele>
      </trkpt>
      <trkpt lat="42.78850793838501" lon="24.544100761413574">
        <ele>1620.6640625</ele>
      </trkpt>
      <trkpt lat="42.788143157958984" lon="24.544508457183838">
        <ele>1627.49609375</ele>
      </trkpt>
      <trkpt lat="42.787821292877197" lon="24.544937610626221">
        <ele>1637.3671875</ele>
      </trkpt>
      <trkpt lat="42.787477970123291" lon="24.545302391052246">
        <ele>1645.765625</ele>
      </trkpt>
      <trkpt lat="42.787284851074219" lon="24.545538425445557">
        <ele>1650.71484375</ele>
      </trkpt>
      <trkpt lat="42.787027359008789" lon="24.545774459838867">
        <ele>1653.2109375</ele>
      </trkpt>
      <trkpt lat="42.786812782287598" lon="24.546139240264893">
        <ele>1659.23828125</ele>
      </trkpt>
      <trkpt lat="42.786405086517334" lon="24.54669713973999">
        <ele>1664.109375</ele>
      </trkpt>
      <trkpt lat="42.786383628845215" lon="24.546847343444824">
        <ele>1665.65625</ele>
      </trkpt>
      <trkpt lat="42.786405086517334" lon="24.54695463180542">
        <ele>1666.640625</ele>
      </trkpt>
      <trkpt lat="42.786448001861572" lon="24.547083377838135">
        <ele>1665.6796875</ele>
      </trkpt>
      <trkpt lat="42.786598205566406" lon="24.547340869903564">
        <ele>1661.6328125</ele>
      </trkpt>
      <trkpt lat="42.786834239959717" lon="24.547641277313232">
        <ele>1656.77734375</ele>
      </trkpt>
      <trkpt lat="42.787113189697266" lon="24.548048973083496">
        <ele>1648.46875</ele>
      </trkpt>
      <trkpt lat="42.787327766418457" lon="24.548327922821045">
        <ele>1642.02734375</ele>
      </trkpt>
      <trkpt lat="42.787649631500244" lon="24.548671245574951">
        <ele>1632.5234375</ele>
      </trkpt>
      <trkpt lat="42.787928581237793" lon="24.548971652984619">
        <ele>1622.66796875</ele>
      </trkpt>
      <trkpt lat="42.787971496582031" lon="24.549078941345215">
        <ele>1620.03515625</ele>
      </trkpt>
      <trkpt lat="42.78801441192627" lon="24.54920768737793">
        <ele>1617.28125</ele>
      </trkpt>
      <trkpt lat="42.788057327270508" lon="24.549465179443359">
        <ele>1612.44140625</ele>
      </trkpt>
      <trkpt lat="42.788100242614746" lon="24.549787044525146">
        <ele>1609.8984375</ele>
      </trkpt>
      <trkpt lat="42.788100242614746" lon="24.550237655639648">
        <ele>1606.48828125</ele>
      </trkpt>
      <trkpt lat="42.788078784942627" lon="24.550495147705078">
        <ele>1603.94140625</ele>
      </trkpt>
      <trkpt lat="42.788072330877185" lon="24.550560107454658">
        <ele>1603.1953125</ele>
      </trkpt>
      <trkpt lat="42.788057327270508" lon="24.55070972442627">
        <ele>1603.078125</ele>
      </trkpt>
      <trkpt lat="42.78801441192627" lon="24.550902843475342">
        <ele>1602.1875</ele>
      </trkpt>
      <trkpt lat="42.787928581237793" lon="24.551267623901367">
        <ele>1598.23046875</ele>
      </trkpt>
      <trkpt lat="42.787885665893555" lon="24.551610946655273">
        <ele>1595.58203125</ele>
      </trkpt>
      <trkpt lat="42.787821292877197" lon="24.551889896392822">
        <ele>1593.23046875</ele>
      </trkpt>
      <trkpt lat="42.787842750549316" lon="24.552018642425537">
        <ele>1593.4375</ele>
      </trkpt>
      <trkpt lat="42.787842750549316" lon="24.552147388458252">
        <ele>1592.36328125</ele>
      </trkpt>
      <trkpt lat="42.787928581237793" lon="24.552576541900635">
        <ele>1589.015625</ele>
      </trkpt>
      <trkpt lat="42.788035869598389" lon="24.552876949310303">
        <ele>1584.92578125</ele>
      </trkpt>
      <trkpt lat="42.788121700286865" lon="24.55319881439209">
        <ele>1582.171875</ele>
      </trkpt>
      <trkpt lat="42.788164615631104" lon="24.553670883178711">
        <ele>1583.328125</ele>
      </trkpt>
      <trkpt lat="42.78825044631958" lon="24.553906917572021">
        <ele>1587.61328125</ele>
      </trkpt>
      <trkpt lat="42.788271903991699" lon="24.554142951965332">
        <ele>1592.890625</ele>
      </trkpt>
      <trkpt lat="42.788357734680176" lon="24.554443359375">
        <ele>1602.1953125</ele>
      </trkpt>
      <trkpt lat="42.78850793838501" lon="24.554851055145264">
        <ele>1607.72265625</ele>
      </trkpt>
      <trkpt lat="42.788529396057129" lon="24.555151462554932">
        <ele>1613.36328125</ele>
      </trkpt>
      <trkpt lat="42.788593769073486" lon="24.555366039276123">
        <ele>1618.90234375</ele>
      </trkpt>
      <trkpt lat="42.788615226745605" lon="24.555537700653076">
        <ele>1620.76171875</ele>
      </trkpt>
      <trkpt lat="42.788593769073486" lon="24.555773735046387">
        <ele>1621.0234375</ele>
      </trkpt>
      <trkpt lat="42.788722515106201" lon="24.556353092193604">
        <ele>1628.5</ele>
      </trkpt>
      <trkpt lat="42.788765430450439" lon="24.556481838226318">
        <ele>1630.6953125</ele>
      </trkpt>
      <trkpt lat="42.788829803466797" lon="24.556567668914795">
        <ele>1633.8828125</ele>
      </trkpt>
      <trkpt lat="42.788829803466797" lon="24.55669641494751">
        <ele>1636.14453125</ele>
      </trkpt>
      <trkpt lat="42.788851261138916" lon="24.556825160980225">
        <ele>1639.2265625</ele>
      </trkpt>
      <trkpt lat="42.788829803466797" lon="24.556975364685059">
        <ele>1641.1953125</ele>
      </trkpt>
      <trkpt lat="42.788786888122559" lon="24.557082653045654">
        <ele>1640.015625</ele>
      </trkpt>
      <trkpt lat="42.788786888122559" lon="24.557533264160156">
        <ele>1640.046875</ele>
      </trkpt>
      <trkpt lat="42.788765430450439" lon="24.557619094848633">
        <ele>1640.5703125</ele>
      </trkpt>
      <trkpt lat="42.788722515106201" lon="24.557662010192871">
        <ele>1640.953125</ele>
      </trkpt>
      <trkpt lat="42.788658142089844" lon="24.557747840881348">
        <ele>1642.765625</ele>
      </trkpt>
      <trkpt lat="42.788701057434082" lon="24.557962417602539">
        <ele>1645.14453125</ele>
      </trkpt>
      <trkpt lat="42.788808345794678" lon="24.558219909667969">
        <ele>1647.1796875</ele>
      </trkpt>
      <trkpt lat="42.78949499130249" lon="24.559335708618164">
        <ele>1633.5859375</ele>
      </trkpt>
      <trkpt lat="42.789967060089111" lon="24.559700489044189">
        <ele>1625.64453125</ele>
      </trkpt>
      <trkpt lat="42.790224552154541" lon="24.559807777404785">
        <ele>1628.87109375</ele>
      </trkpt>
      <trkpt lat="42.790632247924805" lon="24.559700489044189">
        <ele>1638.92578125</ele>
      </trkpt>
      <trkpt lat="42.790846824645996" lon="24.559636116027832">
        <ele>1641.92578125</ele>
      </trkpt>
      <trkpt lat="42.791020330041647" lon="24.559647934511304">
        <ele>1643.6015625</ele>
      </trkpt>
      <trkpt lat="42.791018486022949" lon="24.559700489044189">
        <ele>1644.01171875</ele>
      </trkpt>
      <trkpt lat="42.791020330041647" lon="24.559647934511304">
        <ele>1643.6015625</ele>
      </trkpt>
      <trkpt lat="42.790846824645996" lon="24.559636116027832">
        <ele>1641.92578125</ele>
      </trkpt>
      <trkpt lat="42.791469097137451" lon="24.55967903137207">
        <ele>1647.19140625</ele>
      </trkpt>
      <trkpt lat="42.791640758514404" lon="24.559893608093262">
        <ele>1646.96875</ele>
      </trkpt>
      <trkpt lat="42.791769504547119" lon="24.560322761535645">
        <ele>1649.7890625</ele>
      </trkpt>
      <trkpt lat="42.791855335235596" lon="24.560451507568359">
        <ele>1650.265625</ele>
      </trkpt>
      <trkpt lat="42.792026996612549" lon="24.560601711273193">
        <ele>1653.125</ele>
      </trkpt>
      <trkpt lat="42.792134284973145" lon="24.560902118682861">
        <ele>1655.1171875</ele>
      </trkpt>
      <trkpt lat="42.792177200317383" lon="24.561309814453125">
        <ele>1658.046875</ele>
      </trkpt>
      <trkpt lat="42.792177200317383" lon="24.561567306518555">
        <ele>1658.9921875</ele>
      </trkpt>
      <trkpt lat="42.791971173137426" lon="24.562141885980964">
        <ele>1655.98828125</ele>
      </trkpt>
      <trkpt lat="42.791769504547119" lon="24.562704563140869">
        <ele>1647.7734375</ele>
      </trkpt>
      <trkpt lat="42.791726589202881" lon="24.562897682189941">
        <ele>1645.7265625</ele>
      </trkpt>
      <trkpt lat="42.791748046875" lon="24.563777446746826">
        <ele>1642.57421875</ele>
      </trkpt>
      <trkpt lat="42.791576385498047" lon="24.564850330352783">
        <ele>1640.26953125</ele>
      </trkpt>
      <trkpt lat="42.791469097137451" lon="24.565494060516357">
        <ele>1638.890625</ele>
      </trkpt>
      <trkpt lat="42.791275978088379" lon="24.565837383270264">
        <ele>1635.71484375</ele>
      </trkpt>
      <trkpt lat="42.791168689727783" lon="24.566223621368408">
        <ele>1635.97265625</ele>
      </trkpt>
      <trkpt lat="42.791147232055664" lon="24.566974639892578">
        <ele>1635.203125</ele>
      </trkpt>
      <trkpt lat="42.791211605072021" lon="24.567446708679199">
        <ele>1634.12890625</ele>
      </trkpt>
      <trkpt lat="42.791211605072021" lon="24.568004608154297">
        <ele>1632.28125</ele>
      </trkpt>
      <trkpt lat="42.791125774383545" lon="24.568562507629395">
        <ele>1629.05859375</ele>
      </trkpt>
      <trkpt lat="42.791018486022949" lon="24.569077491760254">
        <ele>1621.6875</ele>
      </trkpt>
      <trkpt lat="42.791104316711426" lon="24.569334983825684">
        <ele>1616.390625</ele>
      </trkpt>
      <trkpt lat="42.791147232055664" lon="24.569785594940186">
        <ele>1604.59375</ele>
      </trkpt>
      <trkpt lat="42.791168689727783" lon="24.570193290710449">
        <ele>1596.1484375</ele>
      </trkpt>
      <trkpt lat="42.791104316711426" lon="24.570901393890381">
        <ele>1591.8984375</ele>
      </trkpt>
      <trkpt lat="42.791061401367188" lon="24.571394920349121">
        <ele>1591.87109375</ele>
      </trkpt>
      <trkpt lat="42.79099702835083" lon="24.571888446807861">
        <ele>1588.9296875</ele>
      </trkpt>
      <trkpt lat="42.790911197662354" lon="24.572510719299316">
        <ele>1585.8671875</ele>
      </trkpt>
      <trkpt lat="42.790846824645996" lon="24.573025703430176">
        <ele>1583.77734375</ele>
      </trkpt>
      <trkpt lat="42.79076099395752" lon="24.573476314544678">
        <ele>1583.515625</ele>
      </trkpt>
      <trkpt lat="42.790567874908447" lon="24.574313163757324">
        <ele>1593.5546875</ele>
      </trkpt>
      <trkpt lat="42.790534347295761" lon="24.574514413252473">
        <ele>1595.80859375</ele>
      </trkpt>
      <trkpt lat="42.790524959564209" lon="24.574570655822754">
        <ele>1596.74609375</ele>
      </trkpt>
      <trkpt lat="42.790460586547852" lon="24.574871063232422">
        <ele>1601.859375</ele>
      </trkpt>
      <trkpt lat="42.790374755859375" lon="24.575107097625732">
        <ele>1606.015625</ele>
      </trkpt>
      <trkpt lat="42.790267467498779" lon="24.575364589691162">
        <ele>1610.92578125</ele>
      </trkpt>
      <trkpt lat="42.790160179138184" lon="24.575686454772949">
        <ele>1615.89453125</ele>
      </trkpt>
      <trkpt lat="42.790095806121826" lon="24.575943946838379">
        <ele>1619.01953125</ele>
      </trkpt>
      <trkpt lat="42.790031433105469" lon="24.576287269592285">
        <ele>1624.73046875</ele>
      </trkpt>
      <trkpt lat="42.78998851776123" lon="24.576566219329834">
        <ele>1628.06640625</ele>
      </trkpt>
      <trkpt lat="42.789902687072754" lon="24.576802253723145">
        <ele>1631.1328125</ele>
      </trkpt>
      <trkpt lat="42.789816856384277" lon="24.577038288116455">
        <ele>1634.90234375</ele>
      </trkpt>
      <trkpt lat="42.78975248336792" lon="24.577274322509766">
        <ele>1637.5546875</ele>
      </trkpt>
      <trkpt lat="42.789709568023682" lon="24.577531814575195">
        <ele>1639.09765625</ele>
      </trkpt>
      <trkpt lat="42.789666652679443" lon="24.577789306640625">
        <ele>1639.453125</ele>
      </trkpt>
      <trkpt lat="42.789623737335205" lon="24.578089714050293">
        <ele>1641.65625</ele>
      </trkpt>
      <trkpt lat="42.789559364318848" lon="24.578368663787842">
        <ele>1643.34375</ele>
      </trkpt>
      <trkpt lat="42.789473533630371" lon="24.578647613525391">
        <ele>1648.29296875</ele>
      </trkpt>
      <trkpt lat="42.789430618286133" lon="24.57890510559082">
        <ele>1652.578125</ele>
      </trkpt>
      <trkpt lat="42.789366245269775" lon="24.579119682312012">
        <ele>1655.45703125</ele>
      </trkpt>
      <trkpt lat="42.789323329925537" lon="24.579355716705322">
        <ele>1659.43359375</ele>
      </trkpt>
      <trkpt lat="42.789173126220703" lon="24.579613208770752">
        <ele>1664.30859375</ele>
      </trkpt>
      <trkpt lat="42.789087295532227" lon="24.579827785491943">
        <ele>1666.63671875</ele>
      </trkpt>
      <trkpt lat="42.78900146484375" lon="24.580128192901611">
        <ele>1669.3984375</ele>
      </trkpt>
      <trkpt lat="42.788872718811035" lon="24.580492973327637">
        <ele>1671.92578125</ele>
      </trkpt>
      <trkpt lat="42.788765430450439" lon="24.580793380737305">
        <ele>1672.75</ele>
      </trkpt>
      <trkpt lat="42.788658142089844" lon="24.581029415130615">
        <ele>1672.24609375</ele>
      </trkpt>
      <trkpt lat="42.788593769073486" lon="24.581115245819092">
        <ele>1672.078125</ele>
      </trkpt>
      <trkpt lat="42.788379192352295" lon="24.581437110900879">
        <ele>1671.484375</ele>
      </trkpt>
      <trkpt lat="42.788164615631104" lon="24.581780433654785">
        <ele>1670.79296875</ele>
      </trkpt>
      <trkpt lat="42.787928581237793" lon="24.582145214080811">
        <ele>1668.81640625</ele>
      </trkpt>
      <trkpt lat="42.787735462188721" lon="24.582467079162598">
        <ele>1668.71875</ele>
      </trkpt>
      <trkpt lat="42.787520885467529" lon="24.582788944244385">
        <ele>1669.12109375</ele>
      </trkpt>
      <trkpt lat="42.787284851074219" lon="24.583132266998291">
        <ele>1669.359375</ele>
      </trkpt>
      <trkpt lat="42.786962985992432" lon="24.583518505096436">
        <ele>1670.79296875</ele>
      </trkpt>
      <trkpt lat="42.786726951599121" lon="24.583711624145508">
        <ele>1673.48046875</ele>
      </trkpt>
      <trkpt lat="42.786661572754383" lon="24.583753114566207">
        <ele>1674.140625</ele>
      </trkpt>
      <trkpt lat="42.786726951599121" lon="24.583711624145508">
        <ele>1673.48046875</ele>
      </trkpt>
      <trkpt lat="42.786490917205811" lon="24.583861827850342">
        <ele>1676.67578125</ele>
      </trkpt>
      <trkpt lat="42.786169052124023" lon="24.584076404571533">
        <ele>1677.8203125</ele>
      </trkpt>
      <trkpt lat="42.785975933074951" lon="24.584205150604248">
        <ele>1675.171875</ele>
      </trkpt>
      <trkpt lat="42.78576135635376" lon="24.584355354309082">
        <ele>1670.99609375</ele>
      </trkpt>
      <trkpt lat="42.785589694976807" lon="24.584505558013916">
        <ele>1666.66796875</ele>
      </trkpt>
      <trkpt lat="42.785418033599854" lon="24.584698677062988">
        <ele>1659.90625</ele>
      </trkpt>
      <trkpt lat="42.785332202911377" lon="24.584848880767822">
        <ele>1656.9296875</ele>
      </trkpt>
      <trkpt lat="42.785224914550781" lon="24.585041999816895">
        <ele>1653.6328125</ele>
      </trkpt>
      <trkpt lat="42.785074710845947" lon="24.585235118865967">
        <ele>1649.01171875</ele>
      </trkpt>
      <trkpt lat="42.78501033782959" lon="24.585428237915039">
        <ele>1648.78515625</ele>
      </trkpt>
      <trkpt lat="42.784988880157471" lon="24.58566427230835">
        <ele>1650.90625</ele>
      </trkpt>
      <trkpt lat="42.784967422485352" lon="24.58590030670166">
        <ele>1651.6328125</ele>
      </trkpt>
      <trkpt lat="42.784903049468994" lon="24.586093425750732">
        <ele>1649.9921875</ele>
      </trkpt>
      <trkpt lat="42.784881591796875" lon="24.586265087127686">
        <ele>1650.07421875</ele>
      </trkpt>
      <trkpt lat="42.784817218780518" lon="24.586458206176758">
        <ele>1648.84765625</ele>
      </trkpt>
      <trkpt lat="42.784817218780518" lon="24.586672782897949">
        <ele>1647.19921875</ele>
      </trkpt>
      <trkpt lat="42.784817218780518" lon="24.586822986602783">
        <ele>1646.8984375</ele>
      </trkpt>
      <trkpt lat="42.784774303436279" lon="24.586973190307617">
        <ele>1645.9609375</ele>
      </trkpt>
      <trkpt lat="42.784688472747803" lon="24.587123394012451">
        <ele>1642.8984375</ele>
      </trkpt>
      <trkpt lat="42.784624099731445" lon="24.587295055389404">
        <ele>1639.68359375</ele>
      </trkpt>
      <trkpt lat="42.784581184387207" lon="24.587466716766357">
        <ele>1636.05859375</ele>
      </trkpt>
      <trkpt lat="42.784602642059326" lon="24.587595462799072">
        <ele>1634.57421875</ele>
      </trkpt>
      <trkpt lat="42.784624099731445" lon="24.587767124176025">
        <ele>1632.4296875</ele>
      </trkpt>
      <trkpt lat="42.784624099731445" lon="24.587938785552979">
        <ele>1629.25</ele>
      </trkpt>
      <trkpt lat="42.784624099731445" lon="24.588110446929932">
        <ele>1625.8203125</ele>
      </trkpt>
      <trkpt lat="42.784602642059326" lon="24.588303565979004">
        <ele>1621.0390625</ele>
      </trkpt>
      <trkpt lat="42.784602642059326" lon="24.5884108543396">
        <ele>1618.37890625</ele>
      </trkpt>
      <trkpt lat="42.784581184387207" lon="24.588582515716553">
        <ele>1613.6796875</ele>
      </trkpt>
      <trkpt lat="42.78451681137085" lon="24.588732719421387">
        <ele>1610.390625</ele>
      </trkpt>
      <trkpt lat="42.784452438354492" lon="24.58890438079834">
        <ele>1606.72265625</ele>
      </trkpt>
      <trkpt lat="42.784430980682373" lon="24.589097499847412">
        <ele>1604.72265625</ele>
      </trkpt>
      <trkpt lat="42.784388065338135" lon="24.589333534240723">
        <ele>1601.59375</ele>
      </trkpt>
      <trkpt lat="42.784323692321777" lon="24.589548110961914">
        <ele>1598.89453125</ele>
      </trkpt>
      <trkpt lat="42.784280776977539" lon="24.589741230010986">
        <ele>1596.78515625</ele>
      </trkpt>
      <trkpt lat="42.78425931930542" lon="24.589912891387939">
        <ele>1592.828125</ele>
      </trkpt>
      <trkpt lat="42.784194946289063" lon="24.590063095092773">
        <ele>1589.71484375</ele>
      </trkpt>
      <trkpt lat="42.784152030944824" lon="24.590234756469727">
        <ele>1587.078125</ele>
      </trkpt>
      <trkpt lat="42.784173488616943" lon="24.59040641784668">
        <ele>1584.4375</ele>
      </trkpt>
      <trkpt lat="42.784216403961182" lon="24.590578079223633">
        <ele>1581.70703125</ele>
      </trkpt>
      <trkpt lat="42.784216403961182" lon="24.59071671590209">
        <ele>1578.51171875</ele>
      </trkpt>
      <trkpt lat="42.784194946289063" lon="24.590985774993896">
        <ele>1573.3984375</ele>
      </trkpt>
      <trkpt lat="42.784130573272705" lon="24.59139347076416">
        <ele>1568.59375</ele>
      </trkpt>
      <trkpt lat="42.784066200256348" lon="24.591779708862305">
        <ele>1564.0703125</ele>
      </trkpt>
      <trkpt lat="42.78400182723999" lon="24.592101573944092">
        <ele>1561.59765625</ele>
      </trkpt>
      <trkpt lat="42.783915996551514" lon="24.59240198135376">
        <ele>1559.04296875</ele>
      </trkpt>
      <trkpt lat="42.783830165863037" lon="24.59263801574707">
        <ele>1557.19140625</ele>
      </trkpt>
      <trkpt lat="42.78376579284668" lon="24.592874050140381">
        <ele>1556.88671875</ele>
      </trkpt>
      <trkpt lat="42.783679962158203" lon="24.593260288238525">
        <ele>1556.28125</ele>
      </trkpt>
      <trkpt lat="42.783615589141846" lon="24.593539237976074">
        <ele>1555.88671875</ele>
      </trkpt>
      <trkpt lat="42.783529758453369" lon="24.593796730041504">
        <ele>1555.3203125</ele>
      </trkpt>
      <trkpt lat="42.783465385437012" lon="24.594032764434814">
        <ele>1555.5</ele>
      </trkpt>
      <trkpt lat="42.783443927764893" lon="24.59414005279541">
        <ele>1556.0390625</ele>
      </trkpt>
      <trkpt lat="42.783358097076416" lon="24.594483375549316">
        <ele>1556.125</ele>
      </trkpt>
      <trkpt lat="42.78325080871582" lon="24.594848155975342">
        <ele>1553.875</ele>
      </trkpt>
      <trkpt lat="42.783143520355225" lon="24.595170021057129">
        <ele>1551.96875</ele>
      </trkpt>
      <trkpt lat="42.78301477432251" lon="24.595470428466797">
        <ele>1550.41015625</ele>
      </trkpt>
      <trkpt lat="42.782907485961914" lon="24.595663547515869">
        <ele>1549.9296875</ele>
      </trkpt>
      <trkpt lat="42.782821655273438" lon="24.59589958190918">
        <ele>1551.609375</ele>
      </trkpt>
      <trkpt lat="42.782735824584961" lon="24.596221446990967">
        <ele>1551.42578125</ele>
      </trkpt>
      <trkpt lat="42.782671451568604" lon="24.596543312072754">
        <ele>1552.3515625</ele>
      </trkpt>
      <trkpt lat="42.782628536224365" lon="24.596736431121826">
        <ele>1553.03515625</ele>
      </trkpt>
      <trkpt lat="42.782628536224365" lon="24.596908092498779">
        <ele>1553.03515625</ele>
      </trkpt>
      <trkpt lat="42.782607078552246" lon="24.597165584564209">
        <ele>1553.49609375</ele>
      </trkpt>
      <trkpt lat="42.782607078552246" lon="24.597465991973877">
        <ele>1553.48828125</ele>
      </trkpt>
      <trkpt lat="42.782607078552246" lon="24.597766399383545">
        <ele>1553.0703125</ele>
      </trkpt>
      <trkpt lat="42.782585620880127" lon="24.59813117980957">
        <ele>1551.92578125</ele>
      </trkpt>
      <trkpt lat="42.782564163208008" lon="24.598431587219238">
        <ele>1552.29296875</ele>
      </trkpt>
      <trkpt lat="42.782542705535889" lon="24.598796367645264">
        <ele>1550.74609375</ele>
      </trkpt>
      <trkpt lat="42.782478332519531" lon="24.599182605743408">
        <ele>1550.74609375</ele>
      </trkpt>
      <trkpt lat="42.782435417175293" lon="24.599504470825195">
        <ele>1550.10546875</ele>
      </trkpt>
      <trkpt lat="42.782349586486816" lon="24.599933624267578">
        <ele>1549.4140625</ele>
      </trkpt>
      <trkpt lat="42.782285213470459" lon="24.600255489349365">
        <ele>1549.4140625</ele>
      </trkpt>
      <trkpt lat="42.782220840454102" lon="24.600598812103271">
        <ele>1548.90234375</ele>
      </trkpt>
      <trkpt lat="42.782135009765625" lon="24.600985050201416">
        <ele>1548.05859375</ele>
      </trkpt>
      <trkpt lat="42.782049179077148" lon="24.601285457611084">
        <ele>1547.23046875</ele>
      </trkpt>
      <trkpt lat="42.781920433044434" lon="24.601478576660156">
        <ele>1547.58203125</ele>
      </trkpt>
      <trkpt lat="42.781791687011719" lon="24.601736068725586">
        <ele>1546.0546875</ele>
      </trkpt>
      <trkpt lat="42.781684398651123" lon="24.601929187774658">
        <ele>1546.03515625</ele>
      </trkpt>
      <trkpt lat="42.781598567962646" lon="24.60212230682373">
        <ele>1544.6640625</ele>
      </trkpt>
      <trkpt lat="42.781534194946289" lon="24.60237979888916">
        <ele>1541.93359375</ele>
      </trkpt>
      <trkpt lat="42.781448364257813" lon="24.602615833282471">
        <ele>1540.41796875</ele>
      </trkpt>
      <trkpt lat="42.781383991241455" lon="24.602808952331543">
        <ele>1538.75</ele>
      </trkpt>
      <trkpt lat="42.781341075897217" lon="24.603002071380615">
        <ele>1537.50390625</ele>
      </trkpt>
      <trkpt lat="42.781276702880859" lon="24.603087902069092">
        <ele>1537.25</ele>
      </trkpt>
      <trkpt lat="42.781212329864502" lon="24.603152275085449">
        <ele>1537.3203125</ele>
      </trkpt>
      <trkpt lat="42.781169414520264" lon="24.603302478790283">
        <ele>1537.3671875</ele>
      </trkpt>
      <trkpt lat="42.781105041503906" lon="24.603495597839355">
        <ele>1536.9921875</ele>
      </trkpt>
      <trkpt lat="42.78101921081543" lon="24.603667259216309">
        <ele>1536.45703125</ele>
      </trkpt>
      <trkpt lat="42.780933380126953" lon="24.603817462921143">
        <ele>1536.671875</ele>
      </trkpt>
      <trkpt lat="42.780869007110596" lon="24.604010581970215">
        <ele>1536.140625</ele>
      </trkpt>
      <trkpt lat="42.780826091766357" lon="24.604225158691406">
        <ele>1534.234375</ele>
      </trkpt>
      <trkpt lat="42.78076171875" lon="24.604353904724121">
        <ele>1533.25390625</ele>
      </trkpt>
      <trkpt lat="42.780718803405762" lon="24.604525566101074">
        <ele>1532.4921875</ele>
      </trkpt>
      <trkpt lat="42.780632972717285" lon="24.604740142822266">
        <ele>1530.90625</ele>
      </trkpt>
      <trkpt lat="42.780611515045166" lon="24.604933261871338">
        <ele>1530.63671875</ele>
      </trkpt>
      <trkpt lat="42.780611515045166" lon="24.605062007904053">
        <ele>1530.1796875</ele>
      </trkpt>
      <trkpt lat="42.780611515045166" lon="24.605255126953125">
        <ele>1528.69921875</ele>
      </trkpt>
      <trkpt lat="42.780590057373047" lon="24.605426788330078">
        <ele>1527.33984375</ele>
      </trkpt>
      <trkpt lat="42.780556278303266" lon="24.60551680997014">
        <ele>1526.37109375</ele>
      </trkpt>
      <trkpt lat="42.780611515045166" lon="24.605555534362793">
        <ele>1526.46875</ele>
      </trkpt>
      <trkpt lat="42.780556278303266" lon="24.60551680997014">
        <ele>1526.37109375</ele>
      </trkpt>
      <trkpt lat="42.780525684356689" lon="24.605598449707031">
        <ele>1525.83203125</ele>
      </trkpt>
      <trkpt lat="42.780354022979736" lon="24.605941772460938">
        <ele>1525.28515625</ele>
      </trkpt>
      <trkpt lat="42.780375480651855" lon="24.605984687805176">
        <ele>1525.78125</ele>
      </trkpt>
      <trkpt lat="42.780439853668213" lon="24.606113433837891">
        <ele>1527.265625</ele>
      </trkpt>
      <trkpt lat="42.780439853668213" lon="24.606199264526367">
        <ele>1528.0234375</ele>
      </trkpt>
      <trkpt lat="42.780418395996094" lon="24.606242179870605">
        <ele>1528.38671875</ele>
      </trkpt>
      <trkpt lat="42.780375480651855" lon="24.606328010559082">
        <ele>1529.421875</ele>
      </trkpt>
      <trkpt lat="42.780354022979736" lon="24.606413841247559">
        <ele>1530.4375</ele>
      </trkpt>
      <trkpt lat="42.78026819229126" lon="24.606499671936035">
        <ele>1530.41015625</ele>
      </trkpt>
      <trkpt lat="42.780182361602783" lon="24.60662841796875">
        <ele>1530.5</ele>
      </trkpt>
      <trkpt lat="42.780117988586426" lon="24.606735706329346">
        <ele>1531.5</ele>
      </trkpt>
      <trkpt lat="42.780096530914307" lon="24.606864452362061">
        <ele>1533.3359375</ele>
      </trkpt>
      <trkpt lat="42.780096530914307" lon="24.607357978820801">
        <ele>1536.921875</ele>
      </trkpt>
      <trkpt lat="42.780075073242187" lon="24.607529640197754">
        <ele>1538.28515625</ele>
      </trkpt>
      <trkpt lat="42.780032157897949" lon="24.607679843902588">
        <ele>1539.37890625</ele>
      </trkpt>
      <trkpt lat="42.779924869537354" lon="24.608001708984375">
        <ele>1540.12109375</ele>
      </trkpt>
      <trkpt lat="42.779839038848877" lon="24.608151912689209">
        <ele>1541.484375</ele>
      </trkpt>
      <trkpt lat="42.7797532081604" lon="24.608323574066162">
        <ele>1543.58984375</ele>
      </trkpt>
      <trkpt lat="42.779688835144043" lon="24.608473777770996">
        <ele>1542.31640625</ele>
      </trkpt>
      <trkpt lat="42.779603004455566" lon="24.608602523803711">
        <ele>1541.90625</ele>
      </trkpt>
      <trkpt lat="42.77951717376709" lon="24.608709812164307">
        <ele>1542.28515625</ele>
      </trkpt>
      <trkpt lat="42.779366970062256" lon="24.608860015869141">
        <ele>1542.44140625</ele>
      </trkpt>
      <trkpt lat="42.77925968170166" lon="24.608945846557617">
        <ele>1542.66015625</ele>
      </trkpt>
      <trkpt lat="42.779152393341064" lon="24.609053134918213">
        <ele>1542.7265625</ele>
      </trkpt>
      <trkpt lat="42.77902364730835" lon="24.609138965606689">
        <ele>1543.0546875</ele>
      </trkpt>
      <trkpt lat="42.778916358947754" lon="24.609224796295166">
        <ele>1542.95703125</ele>
      </trkpt>
      <trkpt lat="42.778851985931396" lon="24.609353542327881">
        <ele>1541.86328125</ele>
      </trkpt>
      <trkpt lat="42.77876615524292" lon="24.609482288360596">
        <ele>1541.09765625</ele>
      </trkpt>
      <trkpt lat="42.778680324554443" lon="24.60963249206543">
        <ele>1539.94140625</ele>
      </trkpt>
      <trkpt lat="42.778444290161133" lon="24.610018730163574">
        <ele>1539.0859375</ele>
      </trkpt>
      <trkpt lat="42.778337001800537" lon="24.610233306884766">
        <ele>1537.33984375</ele>
      </trkpt>
      <trkpt lat="42.778251171112061" lon="24.610447883605957">
        <ele>1537.078125</ele>
      </trkpt>
      <trkpt lat="42.778122425079346" lon="24.610962867736816">
        <ele>1538.90234375</ele>
      </trkpt>
      <trkpt lat="42.778100967407227" lon="24.61113452911377">
        <ele>1539.3671875</ele>
      </trkpt>
      <trkpt lat="42.778100967407227" lon="24.611413478851318">
        <ele>1541.5078125</ele>
      </trkpt>
      <trkpt lat="42.778079509735107" lon="24.61162805557251">
        <ele>1543.46875</ele>
      </trkpt>
      <trkpt lat="42.778079509735107" lon="24.611842632293701">
        <ele>1545.1484375</ele>
      </trkpt>
      <trkpt lat="42.778100967407227" lon="24.612035751342773">
        <ele>1546.30859375</ele>
      </trkpt>
      <trkpt lat="42.778100967407227" lon="24.612207412719727">
        <ele>1547.6328125</ele>
      </trkpt>
      <trkpt lat="42.778122425079346" lon="24.61237907409668">
        <ele>1548.21875</ele>
      </trkpt>
      <trkpt lat="42.778100967407227" lon="24.612507820129395">
        <ele>1549.84765625</ele>
      </trkpt>
      <trkpt lat="42.777950763702393" lon="24.613173007965088">
        <ele>1549.58984375</ele>
      </trkpt>
      <trkpt lat="42.777907848358154" lon="24.613387584686279">
        <ele>1550.5859375</ele>
      </trkpt>
      <trkpt lat="42.777886390686035" lon="24.613602161407471">
        <ele>1552.890625</ele>
      </trkpt>
      <trkpt lat="42.777907848358154" lon="24.613816738128662">
        <ele>1552.2734375</ele>
      </trkpt>
      <trkpt lat="42.777950763702393" lon="24.614095687866211">
        <ele>1552.03515625</ele>
      </trkpt>
      <trkpt lat="42.777993679046631" lon="24.614310264587402">
        <ele>1551.703125</ele>
      </trkpt>
      <trkpt lat="42.778036594390869" lon="24.614481925964355">
        <ele>1551.25</ele>
      </trkpt>
      <trkpt lat="42.778122425079346" lon="24.6148681640625">
        <ele>1553.4453125</ele>
      </trkpt>
      <trkpt lat="42.778186798095703" lon="24.614996910095215">
        <ele>1552.953125</ele>
      </trkpt>
      <trkpt lat="42.77827262878418" lon="24.61512565612793">
        <ele>1551.671875</ele>
      </trkpt>
      <trkpt lat="42.778337001800537" lon="24.615297317504883">
        <ele>1552.37890625</ele>
      </trkpt>
      <trkpt lat="42.778422832489014" lon="24.615468978881836">
        <ele>1552.60546875</ele>
      </trkpt>
      <trkpt lat="42.778487205505371" lon="24.61561918258667">
        <ele>1553.0625</ele>
      </trkpt>
      <trkpt lat="42.778551578521729" lon="24.615790843963623">
        <ele>1552.89453125</ele>
      </trkpt>
      <trkpt lat="42.778594493865967" lon="24.615983963012695">
        <ele>1553.390625</ele>
      </trkpt>
      <trkpt lat="42.778637409210205" lon="24.616198539733887">
        <ele>1554.00390625</ele>
      </trkpt>
      <trkpt lat="42.778658866882324" lon="24.616348743438721">
        <ele>1554.72265625</ele>
      </trkpt>
      <trkpt lat="42.778615951538086" lon="24.61662769317627">
        <ele>1555.703125</ele>
      </trkpt>
      <trkpt lat="42.778573036193848" lon="24.616799354553223">
        <ele>1556.0546875</ele>
      </trkpt>
      <trkpt lat="42.77850866317749" lon="24.616949558258057">
        <ele>1556.17578125</ele>
      </trkpt>
      <trkpt lat="42.778422832489014" lon="24.617292881011963">
        <ele>1554.73046875</ele>
      </trkpt>
      <trkpt lat="42.778379917144775" lon="24.617378711700439">
        <ele>1555.0625</ele>
      </trkpt>
      <trkpt lat="42.778337001800537" lon="24.617571830749512">
        <ele>1555.0625</ele>
      </trkpt>
      <trkpt lat="42.778294086456299" lon="24.61787223815918">
        <ele>1554.83984375</ele>
      </trkpt>
      <trkpt lat="42.778251171112061" lon="24.618172645568848">
        <ele>1554.0703125</ele>
      </trkpt>
      <trkpt lat="42.778229713439941" lon="24.618408679962158">
        <ele>1553.90625</ele>
      </trkpt>
      <trkpt lat="42.778251171112061" lon="24.618752002716064">
        <ele>1554.0703125</ele>
      </trkpt>
      <trkpt lat="42.778294086456299" lon="24.619073867797852">
        <ele>1554.40234375</ele>
      </trkpt>
      <trkpt lat="42.77827262878418" lon="24.619438648223877">
        <ele>1554.23828125</ele>
      </trkpt>
      <trkpt lat="42.778251171112061" lon="24.619760513305664">
        <ele>1553.08203125</ele>
      </trkpt>
      <trkpt lat="42.778251171112061" lon="24.620039463043213">
        <ele>1553.08203125</ele>
      </trkpt>
      <trkpt lat="42.778229713439941" lon="24.620382785797119">
        <ele>1553.125</ele>
      </trkpt>
      <trkpt lat="42.778229713439941" lon="24.62061882019043">
        <ele>1554.2265625</ele>
      </trkpt>
      <trkpt lat="42.778229713439941" lon="24.620983600616455">
        <ele>1556.49609375</ele>
      </trkpt>
      <trkpt lat="42.778186798095703" lon="24.621219635009766">
        <ele>1557.20703125</ele>
      </trkpt>
      <trkpt lat="42.778122425079346" lon="24.621520042419434">
        <ele>1558.44921875</ele>
      </trkpt>
      <trkpt lat="42.778058052062988" lon="24.621713161468506">
        <ele>1559.01953125</ele>
      </trkpt>
      <trkpt lat="42.777972221374512" lon="24.621949195861816">
        <ele>1559.5390625</ele>
      </trkpt>
      <trkpt lat="42.777843475341797" lon="24.622249603271484">
        <ele>1561.81640625</ele>
      </trkpt>
      <trkpt lat="42.777736186981201" lon="24.622507095336914">
        <ele>1563.6640625</ele>
      </trkpt>
      <trkpt lat="42.777650356292725" lon="24.622786045074463">
        <ele>1565.77734375</ele>
      </trkpt>
      <trkpt lat="42.777564525604248" lon="24.622936248779297">
        <ele>1566.88671875</ele>
      </trkpt>
      <trkpt lat="42.777414321899414" lon="24.623086452484131">
        <ele>1568.12109375</ele>
      </trkpt>
      <trkpt lat="42.777221202850342" lon="24.623322486877441">
        <ele>1569.93359375</ele>
      </trkpt>
      <trkpt lat="42.777156829833984" lon="24.623451232910156">
        <ele>1570.921875</ele>
      </trkpt>
      <trkpt lat="42.776985168457031" lon="24.623966217041016">
        <ele>1574.89453125</ele>
      </trkpt>
      <trkpt lat="42.776942253112793" lon="24.624052047729492">
        <ele>1575.76953125</ele>
      </trkpt>
      <trkpt lat="42.776920795440674" lon="24.624159336090088">
        <ele>1576.90234375</ele>
      </trkpt>
      <trkpt lat="42.776899337768555" lon="24.624309539794922">
        <ele>1578.23046875</ele>
      </trkpt>
      <trkpt lat="42.776834964752197" lon="24.624416828155518">
        <ele>1579.55078125</ele>
      </trkpt>
      <trkpt lat="42.776749134063721" lon="24.624502658843994">
        <ele>1580.8125</ele>
      </trkpt>
      <trkpt lat="42.776405811309814" lon="24.624974727630615">
        <ele>1584.52734375</ele>
      </trkpt>
      <trkpt lat="42.776172962039709" lon="24.625386614352465">
        <ele>1584.88671875</ele>
      </trkpt>
      <trkpt lat="42.776148319244385" lon="24.62536096572876">
        <ele>1584.84765625</ele>
      </trkpt>
      <trkpt lat="42.776172962039709" lon="24.625386614352465">
        <ele>1584.88671875</ele>
      </trkpt>
      <trkpt lat="42.776126861572266" lon="24.625468254089355">
        <ele>1584.68359375</ele>
      </trkpt>
      <trkpt lat="42.77601957321167" lon="24.625639915466309">
        <ele>1583.86328125</ele>
      </trkpt>
      <trkpt lat="42.775955200195313" lon="24.625768661499023">
        <ele>1584.14453125</ele>
      </trkpt>
      <trkpt lat="42.775826454162598" lon="24.626026153564453">
        <ele>1585.23046875</ele>
      </trkpt>
      <trkpt lat="42.775740623474121" lon="24.626305103302002">
        <ele>1586.78515625</ele>
      </trkpt>
      <trkpt lat="42.775654792785645" lon="24.626562595367432">
        <ele>1588.4140625</ele>
      </trkpt>
      <trkpt lat="42.775590419769287" lon="24.626734256744385">
        <ele>1589.98828125</ele>
      </trkpt>
      <trkpt lat="42.775504589080811" lon="24.626948833465576">
        <ele>1593.62109375</ele>
      </trkpt>
      <trkpt lat="42.775461673736572" lon="24.627206325531006">
        <ele>1594.609375</ele>
      </trkpt>
      <trkpt lat="42.775397300720215" lon="24.627571105957031">
        <ele>1595.546875</ele>
      </trkpt>
      <trkpt lat="42.7752685546875" lon="24.627957344055176">
        <ele>1598.375</ele>
      </trkpt>
      <trkpt lat="42.775139808654785" lon="24.628257751464844">
        <ele>1599.56640625</ele>
      </trkpt>
      <trkpt lat="42.774946689605713" lon="24.628515243530273">
        <ele>1602.24609375</ele>
      </trkpt>
      <trkpt lat="42.774710655212402" lon="24.628794193267822">
        <ele>1605.21484375</ele>
      </trkpt>
      <trkpt lat="42.77451753616333" lon="24.629008769989014">
        <ele>1606.8828125</ele>
      </trkpt>
      <trkpt lat="42.774345874786377" lon="24.629201889038086">
        <ele>1608.84375</ele>
      </trkpt>
      <trkpt lat="42.774217128753662" lon="24.629416465759277">
        <ele>1608.83984375</ele>
      </trkpt>
      <trkpt lat="42.774088382720947" lon="24.62960958480835">
        <ele>1612.953125</ele>
      </trkpt>
      <trkpt lat="42.77402400970459" lon="24.629738330841064">
        <ele>1614.87890625</ele>
      </trkpt>
      <trkpt lat="42.773959636688232" lon="24.629995822906494">
        <ele>1615.73828125</ele>
      </trkpt>
      <trkpt lat="42.773895263671875" lon="24.630188941955566">
        <ele>1615.80859375</ele>
      </trkpt>
      <trkpt lat="42.773745059967041" lon="24.630575180053711">
        <ele>1618.8828125</ele>
      </trkpt>
      <trkpt lat="42.773616313934326" lon="24.63085412979126">
        <ele>1618.203125</ele>
      </trkpt>
      <trkpt lat="42.773466110229492" lon="24.631175994873047">
        <ele>1619.02734375</ele>
      </trkpt>
      <trkpt lat="42.773337364196777" lon="24.631497859954834">
        <ele>1618.82421875</ele>
      </trkpt>
      <trkpt lat="42.773208618164062" lon="24.631733894348145">
        <ele>1620.70703125</ele>
      </trkpt>
      <trkpt lat="42.773101329803467" lon="24.631862640380859">
        <ele>1624.02734375</ele>
      </trkpt>
      <trkpt lat="42.773058414459229" lon="24.632034301757813">
        <ele>1624.15234375</ele>
      </trkpt>
      <trkpt lat="42.773058414459229" lon="24.632227420806885">
        <ele>1622.984375</ele>
      </trkpt>
      <trkpt lat="42.773036956787109" lon="24.632527828216553">
        <ele>1623.09375</ele>
      </trkpt>
      <trkpt lat="42.77301549911499" lon="24.63284969329834">
        <ele>1622.25390625</ele>
      </trkpt>
      <trkpt lat="42.772994041442871" lon="24.633257389068604">
        <ele>1622.4296875</ele>
      </trkpt>
      <trkpt lat="42.772951126098633" lon="24.633536338806152">
        <ele>1622.44921875</ele>
      </trkpt>
      <trkpt lat="42.772886753082275" lon="24.633772373199463">
        <ele>1623.109375</ele>
      </trkpt>
      <trkpt lat="42.772822380065918" lon="24.634008407592773">
        <ele>1623.75390625</ele>
      </trkpt>
      <trkpt lat="42.772715091705322" lon="24.634308815002441">
        <ele>1624.02734375</ele>
      </trkpt>
      <trkpt lat="42.772607803344727" lon="24.634609222412109">
        <ele>1625.265625</ele>
      </trkpt>
      <trkpt lat="42.77252197265625" lon="24.634888172149658">
        <ele>1624.7734375</ele>
      </trkpt>
      <trkpt lat="42.772393226623535" lon="24.635167121887207">
        <ele>1625.8828125</ele>
      </trkpt>
      <trkpt lat="42.772285938262939" lon="24.635424613952637">
        <ele>1627.203125</ele>
      </trkpt>
      <trkpt lat="42.772135734558105" lon="24.635682106018066">
        <ele>1630.375</ele>
      </trkpt>
      <trkpt lat="42.77202844619751" lon="24.635875225067139">
        <ele>1632.26953125</ele>
      </trkpt>
      <trkpt lat="42.771921157836914" lon="24.636046886444092">
        <ele>1634.33203125</ele>
      </trkpt>
      <trkpt lat="42.771728038787842" lon="24.636282920837402">
        <ele>1635.7890625</ele>
      </trkpt>
      <trkpt lat="42.771663665771484" lon="24.636497497558594">
        <ele>1636.046875</ele>
      </trkpt>
      <trkpt lat="42.771599292755127" lon="24.636669158935547">
        <ele>1637.03515625</ele>
      </trkpt>
      <trkpt lat="42.771470546722412" lon="24.636797904968262">
        <ele>1639.015625</ele>
      </trkpt>
      <trkpt lat="42.771406173706055" lon="24.6368408203125">
        <ele>1639.74609375</ele>
      </trkpt>
      <trkpt lat="42.771298885345459" lon="24.636948108673096">
        <ele>1640.68359375</ele>
      </trkpt>
      <trkpt lat="42.771105766296387" lon="24.637119770050049">
        <ele>1643.48828125</ele>
      </trkpt>
      <trkpt lat="42.770998477935791" lon="24.637312889099121">
        <ele>1645.3359375</ele>
      </trkpt>
      <trkpt lat="42.770934104919434" lon="24.637506008148193">
        <ele>1646.0234375</ele>
      </trkpt>
      <trkpt lat="42.770848274230957" lon="24.637720584869385">
        <ele>1647.39453125</ele>
      </trkpt>
      <trkpt lat="42.770719528198242" lon="24.637935161590576">
        <ele>1648.82421875</ele>
      </trkpt>
      <trkpt lat="42.770569324493408" lon="24.638106822967529">
        <ele>1650.41796875</ele>
      </trkpt>
      <trkpt lat="42.770440578460693" lon="24.638257026672363">
        <ele>1651.5</ele>
      </trkpt>
      <trkpt lat="42.770247459411621" lon="24.638385772705078">
        <ele>1653.27734375</ele>
      </trkpt>
      <trkpt lat="42.770054340362549" lon="24.638493061065674">
        <ele>1654.9296875</ele>
      </trkpt>
      <trkpt lat="42.769753932952881" lon="24.638621807098389">
        <ele>1657.2265625</ele>
      </trkpt>
      <trkpt lat="42.769560813903809" lon="24.638664722442627">
        <ele>1659.32421875</ele>
      </trkpt>
      <trkpt lat="42.769346237182617" lon="24.638686180114746">
        <ele>1661.18359375</ele>
      </trkpt>
      <trkpt lat="42.769244564697146" lon="24.63869615457952">
        <ele>1662.12109375</ele>
      </trkpt>
      <trkpt lat="42.769131660461426" lon="24.638707637786865">
        <ele>1663.1640625</ele>
      </trkpt>
      <trkpt lat="42.768917083740234" lon="24.638729095458984">
        <ele>1665.04296875</ele>
      </trkpt>
      <trkpt lat="42.768616676330566" lon="24.638814926147461">
        <ele>1668.015625</ele>
      </trkpt>
      <trkpt lat="42.768380641937256" lon="24.638879299163818">
        <ele>1669.44140625</ele>
      </trkpt>
      <trkpt lat="42.768187522888184" lon="24.638922214508057">
        <ele>1671.5859375</ele>
      </trkpt>
      <trkpt lat="42.767972946166992" lon="24.638965129852295">
        <ele>1672.8515625</ele>
      </trkpt>
      <trkpt lat="42.767693996429443" lon="24.639008045196533">
        <ele>1673.51171875</ele>
      </trkpt>
      <trkpt lat="42.767500877380371" lon="24.639029502868652">
        <ele>1673.83984375</ele>
      </trkpt>
      <trkpt lat="42.767307758331299" lon="24.639050960540771">
        <ele>1674.171875</ele>
      </trkpt>
      <trkpt lat="42.767093181610107" lon="24.639072418212891">
        <ele>1674.5</ele>
      </trkpt>
      <trkpt lat="42.766835689544678" lon="24.639115333557129">
        <ele>1675.16015625</ele>
      </trkpt>
      <trkpt lat="42.766621112823486" lon="24.639136791229248">
        <ele>1675.48828125</ele>
      </trkpt>
      <trkpt lat="42.766406536102295" lon="24.639136791229248">
        <ele>1675.75</ele>
      </trkpt>
      <trkpt lat="42.766191959381104" lon="24.639136791229248">
        <ele>1677.30078125</ele>
      </trkpt>
      <trkpt lat="42.765977382659912" lon="24.639158248901367">
        <ele>1677.9765625</ele>
      </trkpt>
      <trkpt lat="42.765762805938721" lon="24.639222621917725">
        <ele>1678.51171875</ele>
      </trkpt>
      <trkpt lat="42.76552677154541" lon="24.639265537261963">
        <ele>1678.32421875</ele>
      </trkpt>
      <trkpt lat="42.765247821807861" lon="24.63932991027832">
        <ele>1679.3984375</ele>
      </trkpt>
      <trkpt lat="42.764990329742432" lon="24.639458656311035">
        <ele>1679.9921875</ele>
      </trkpt>
      <trkpt lat="42.76477575302124" lon="24.639565944671631">
        <ele>1680.97265625</ele>
      </trkpt>
      <trkpt lat="42.76453971862793" lon="24.639716148376465">
        <ele>1681.0078125</ele>
      </trkpt>
      <trkpt lat="42.764325141906738" lon="24.639866352081299">
        <ele>1681.40234375</ele>
      </trkpt>
      <trkpt lat="42.764089107513428" lon="24.639952182769775">
        <ele>1680.78125</ele>
      </trkpt>
      <trkpt lat="42.763895988464355" lon="24.640059471130371">
        <ele>1680.60546875</ele>
      </trkpt>
      <trkpt lat="42.763702869415283" lon="24.640188217163086">
        <ele>1678.3671875</ele>
      </trkpt>
      <trkpt lat="42.763488292694092" lon="24.640381336212158">
        <ele>1677.25</ele>
      </trkpt>
      <trkpt lat="42.7632737159729" lon="24.64057445526123">
        <ele>1675.890625</ele>
      </trkpt>
      <trkpt lat="42.763059139251709" lon="24.640746116638184">
        <ele>1673.83203125</ele>
      </trkpt>
      <trkpt lat="42.762823104858398" lon="24.640960693359375">
        <ele>1671.703125</ele>
      </trkpt>
      <trkpt lat="42.762587070465088" lon="24.641239643096924">
        <ele>1671.23046875</ele>
      </trkpt>
      <trkpt lat="42.762393951416016" lon="24.641497135162354">
        <ele>1669.3046875</ele>
      </trkpt>
      <trkpt lat="42.762200832366943" lon="24.641733169555664">
        <ele>1667.37890625</ele>
      </trkpt>
      <trkpt lat="42.761986255645752" lon="24.641904830932617">
        <ele>1665.16796875</ele>
      </trkpt>
      <trkpt lat="42.761814594268799" lon="24.642033576965332">
        <ele>1662.26953125</ele>
      </trkpt>
      <trkpt lat="42.761642932891846" lon="24.64207649230957">
        <ele>1660.18359375</ele>
      </trkpt>
      <trkpt lat="42.761449813842773" lon="24.642097949981689">
        <ele>1657.7578125</ele>
      </trkpt>
      <trkpt lat="42.761235237121582" lon="24.642140865325928">
        <ele>1655.7578125</ele>
      </trkpt>
      <trkpt lat="42.761020660400391" lon="24.642183780670166">
        <ele>1653.6796875</ele>
      </trkpt>
      <trkpt lat="42.760806083679199" lon="24.642291069030762">
        <ele>1651.3046875</ele>
      </trkpt>
      <trkpt lat="42.760677337646484" lon="24.642376899719238">
        <ele>1649.65625</ele>
      </trkpt>
      <trkpt lat="42.76052713394165" lon="24.642527103424072">
        <ele>1648.0078125</ele>
      </trkpt>
      <trkpt lat="42.760376930236816" lon="24.64259147644043">
        <ele>1647.515625</ele>
      </trkpt>
      <trkpt lat="42.760205268859863" lon="24.642612934112549">
        <ele>1646.34765625</ele>
      </trkpt>
      <trkpt lat="42.760012149810791" lon="24.642655849456787">
        <ele>1644.75</ele>
      </trkpt>
      <trkpt lat="42.7597975730896" lon="24.642720222473145">
        <ele>1644.078125</ele>
      </trkpt>
      <trkpt lat="42.759625911712646" lon="24.642806053161621">
        <ele>1643.73046875</ele>
      </trkpt>
      <trkpt lat="42.759432792663574" lon="24.642913341522217">
        <ele>1642.12109375</ele>
      </trkpt>
      <trkpt lat="42.75928258895874" lon="24.642999172210693">
        <ele>1640.30078125</ele>
      </trkpt>
      <trkpt lat="42.759068012237549" lon="24.64308500289917">
        <ele>1638.5859375</ele>
      </trkpt>
      <trkpt lat="42.758810520172119" lon="24.643192291259766">
        <ele>1636.609375</ele>
      </trkpt>
      <trkpt lat="42.758617401123047" lon="24.643278121948242">
        <ele>1634.72265625</ele>
      </trkpt>
      <trkpt lat="42.758381366729736" lon="24.643428325653076">
        <ele>1631.17578125</ele>
      </trkpt>
      <trkpt lat="42.758209705352783" lon="24.643535614013672">
        <ele>1629.85546875</ele>
      </trkpt>
      <trkpt lat="42.758080959320068" lon="24.643621444702148">
        <ele>1628.953125</ele>
      </trkpt>
      <trkpt lat="42.757973670959473" lon="24.643664360046387">
        <ele>1628.8671875</ele>
      </trkpt>
      <trkpt lat="42.757866382598877" lon="24.643664360046387">
        <ele>1629.0703125</ele>
      </trkpt>
      <trkpt lat="42.757737636566162" lon="24.643664360046387">
        <ele>1629.125</ele>
      </trkpt>
      <trkpt lat="42.757737636566162" lon="24.643750190734863">
        <ele>1629.125</ele>
      </trkpt>
      <trkpt lat="42.757731266319752" lon="24.643665114417672">
        <ele>1629.125</ele>
      </trkpt>
      <trkpt lat="42.757587432861328" lon="24.643685817718506">
        <ele>1629.125</ele>
      </trkpt>
      <trkpt lat="42.757415771484375" lon="24.643685817718506">
        <ele>1628.37890625</ele>
      </trkpt>
      <trkpt lat="42.757265567779541" lon="24.643750190734863">
        <ele>1628.0546875</ele>
      </trkpt>
      <trkpt lat="42.757093906402588" lon="24.643878936767578">
        <ele>1627.66796875</ele>
      </trkpt>
      <trkpt lat="42.756965160369873" lon="24.644007682800293">
        <ele>1626.8359375</ele>
      </trkpt>
      <trkpt lat="42.756750583648682" lon="24.644136428833008">
        <ele>1626.890625</ele>
      </trkpt>
      <trkpt lat="42.756600379943848" lon="24.644243717193604">
        <ele>1625.63671875</ele>
      </trkpt>
      <trkpt lat="42.756364345550537" lon="24.644393920898438">
        <ele>1623.55859375</ele>
      </trkpt>
      <trkpt lat="42.756085395812988" lon="24.644629955291748">
        <ele>1621.296875</ele>
      </trkpt>
      <trkpt lat="42.755870819091797" lon="24.64482307434082">
        <ele>1620.3125</ele>
      </trkpt>
      <trkpt lat="42.755677700042725" lon="24.644973278045654">
        <ele>1618.8671875</ele>
      </trkpt>
      <trkpt lat="42.755527496337891" lon="24.645144939422607">
        <ele>1616.93359375</ele>
      </trkpt>
      <trkpt lat="42.755441665649414" lon="24.645295143127441">
        <ele>1616.2265625</ele>
      </trkpt>
      <trkpt lat="42.755248546600342" lon="24.645488262176514">
        <ele>1615.6328125</ele>
      </trkpt>
      <trkpt lat="42.75505542755127" lon="24.645595550537109">
        <ele>1613.7265625</ele>
      </trkpt>
      <trkpt lat="42.754862308502197" lon="24.645724296569824">
        <ele>1612.26171875</ele>
      </trkpt>
      <trkpt lat="42.754604816436768" lon="24.645917415618896">
        <ele>1608.76171875</ele>
      </trkpt>
      <trkpt lat="42.754497528076172" lon="24.645960330963135">
        <ele>1607.69921875</ele>
      </trkpt>
      <trkpt lat="42.7543044090271" lon="24.64606761932373">
        <ele>1606.09375</ele>
      </trkpt>
      <trkpt lat="42.754132747650146" lon="24.646131992340088">
        <ele>1604.00390625</ele>
      </trkpt>
      <trkpt lat="42.753982543945313" lon="24.646196365356445">
        <ele>1601.79296875</ele>
      </trkpt>
      <trkpt lat="42.753875255584717" lon="24.646260738372803">
        <ele>1600.92578125</ele>
      </trkpt>
      <trkpt lat="42.753746509552002" lon="24.646389484405518">
        <ele>1601.2578125</ele>
      </trkpt>
      <trkpt lat="42.753617763519287" lon="24.646496772766113">
        <ele>1599.96484375</ele>
      </trkpt>
      <trkpt lat="42.753489017486572" lon="24.646625518798828">
        <ele>1599.1953125</ele>
      </trkpt>
      <trkpt lat="42.753381729125977" lon="24.646732807159424">
        <ele>1597.90234375</ele>
      </trkpt>
      <trkpt lat="42.753231525421143" lon="24.646861553192139">
        <ele>1595.69921875</ele>
      </trkpt>
      <trkpt lat="42.753102779388428" lon="24.646925926208496">
        <ele>1595.11328125</ele>
      </trkpt>
      <trkpt lat="42.752931118011475" lon="24.646990299224854">
        <ele>1594.96875</ele>
      </trkpt>
      <trkpt lat="42.75280237197876" lon="24.647119045257568">
        <ele>1593.4765625</ele>
      </trkpt>
      <trkpt lat="42.752673625946045" lon="24.647355079650879">
        <ele>1589.4765625</ele>
      </trkpt>
      <trkpt lat="42.752523422241211" lon="24.647548198699951">
        <ele>1588.19921875</ele>
      </trkpt>
      <trkpt lat="42.752351760864258" lon="24.647741317749023">
        <ele>1587.5859375</ele>
      </trkpt>
      <trkpt lat="42.752223014831543" lon="24.647912979125977">
        <ele>1586.484375</ele>
      </trkpt>
      <trkpt lat="42.752072811126709" lon="24.648106098175049">
        <ele>1585.25</ele>
      </trkpt>
      <trkpt lat="42.751965522766113" lon="24.648256301879883">
        <ele>1584.4375</ele>
      </trkpt>
      <trkpt lat="42.751901149749756" lon="24.648449420928955">
        <ele>1582.9609375</ele>
      </trkpt>
      <trkpt lat="42.751815319061279" lon="24.648663997650146">
        <ele>1582.5546875</ele>
      </trkpt>
      <trkpt lat="42.751772403717041" lon="24.648964405059814">
        <ele>1579.09765625</ele>
      </trkpt>
      <trkpt lat="42.751686573028564" lon="24.649243354797363">
        <ele>1576.61328125</ele>
      </trkpt>
      <trkpt lat="42.751579284667969" lon="24.649479389190674">
        <ele>1574.7109375</ele>
      </trkpt>
      <trkpt lat="42.751450538635254" lon="24.649693965911865">
        <ele>1573.8671875</ele>
      </trkpt>
      <trkpt lat="42.75130033493042" lon="24.649930000305176">
        <ele>1571.28125</ele>
      </trkpt>
      <trkpt lat="42.751107215881348" lon="24.650273323059082">
        <ele>1570.74609375</ele>
      </trkpt>
      <trkpt lat="42.750935554504395" lon="24.65057373046875">
        <ele>1568.4609375</ele>
      </trkpt>
      <trkpt lat="42.750828266143799" lon="24.650766849517822">
        <ele>1565.94921875</ele>
      </trkpt>
      <trkpt lat="42.750742435455322" lon="24.650852680206299">
        <ele>1563.76171875</ele>
      </trkpt>
      <trkpt lat="42.750635147094727" lon="24.651024341583252">
        <ele>1564.08203125</ele>
      </trkpt>
      <trkpt lat="42.750442028045654" lon="24.651153087615967">
        <ele>1561.984375</ele>
      </trkpt>
      <trkpt lat="42.750313282012939" lon="24.651281833648682">
        <ele>1560.77734375</ele>
      </trkpt>
      <trkpt lat="42.750248908996582" lon="24.651496410369873">
        <ele>1561.76953125</ele>
      </trkpt>
      <trkpt lat="42.750141620635986" lon="24.651689529418945">
        <ele>1562.9453125</ele>
      </trkpt>
      <trkpt lat="42.75005578994751" lon="24.651775360107422">
        <ele>1563.703125</ele>
      </trkpt>
      <trkpt lat="42.749905586242676" lon="24.651796817779541">
        <ele>1561.78125</ele>
      </trkpt>
      <trkpt lat="42.749755382537842" lon="24.651775360107422">
        <ele>1559.48828125</ele>
      </trkpt>
      <trkpt lat="42.749605178833008" lon="24.651775360107422">
        <ele>1558.41796875</ele>
      </trkpt>
      <trkpt lat="42.749476432800293" lon="24.65181827545166">
        <ele>1557.5546875</ele>
      </trkpt>
      <trkpt lat="42.749369144439697" lon="24.651861190795898">
        <ele>1557.8984375</ele>
      </trkpt>
      <trkpt lat="42.749283313751221" lon="24.651968479156494">
        <ele>1557.9765625</ele>
      </trkpt>
      <trkpt lat="42.749218940734863" lon="24.652118682861328">
        <ele>1557.078125</ele>
      </trkpt>
      <trkpt lat="42.749197483062744" lon="24.652161598205566">
        <ele>1556.5625</ele>
      </trkpt>
      <trkpt lat="42.749133110046387" lon="24.652268886566162">
        <ele>1555.6796875</ele>
      </trkpt>
      <trkpt lat="42.74904727935791" lon="24.65233325958252">
        <ele>1555.5</ele>
      </trkpt>
      <trkpt lat="42.748854160308838" lon="24.652483463287354">
        <ele>1554.328125</ele>
      </trkpt>
      <trkpt lat="42.74855375289917" lon="24.652698040008545">
        <ele>1546.97265625</ele>
      </trkpt>
      <trkpt lat="42.748491056263447" lon="24.652823349460959">
        <ele>1545.7265625</ele>
      </trkpt>
      <trkpt lat="42.74855375289917" lon="24.652698040008545">
        <ele>1546.97265625</ele>
      </trkpt>
      <trkpt lat="42.748360633850098" lon="24.653084278106689">
        <ele>1543.24609375</ele>
      </trkpt>
      <trkpt lat="42.748188972473145" lon="24.653449058532715">
        <ele>1545.83203125</ele>
      </trkpt>
      <trkpt lat="42.747931480407715" lon="24.653749465942383">
        <ele>1546.75390625</ele>
      </trkpt>
      <trkpt lat="42.747695446014404" lon="24.654028415679932">
        <ele>1549.015625</ele>
      </trkpt>
      <trkpt lat="42.747330665588379" lon="24.654371738433838">
        <ele>1553.2109375</ele>
      </trkpt>
      <trkpt lat="42.747137546539307" lon="24.654500484466553">
        <ele>1553.37890625</ele>
      </trkpt>
      <trkpt lat="42.746922969818115" lon="24.654757976531982">
        <ele>1557.57421875</ele>
      </trkpt>
      <trkpt lat="42.746622562408447" lon="24.654886722564697">
        <ele>1556.625</ele>
      </trkpt>
      <trkpt lat="42.746365070343018" lon="24.65505838394165">
        <ele>1558.9296875</ele>
      </trkpt>
      <trkpt lat="42.74630069732666" lon="24.655208587646484">
        <ele>1562.43359375</ele>
      </trkpt>
      <trkpt lat="42.746171951293945" lon="24.655358791351318">
        <ele>1562.52734375</ele>
      </trkpt>
      <trkpt lat="42.746021747589111" lon="24.655551910400391">
        <ele>1563.0390625</ele>
      </trkpt>
      <trkpt lat="42.745914459228516" lon="24.655830860137939">
        <ele>1558.53125</ele>
      </trkpt>
      <trkpt lat="42.745871543884277" lon="24.656152725219727">
        <ele>1554.34765625</ele>
      </trkpt>
      <trkpt lat="42.745850086212158" lon="24.656538963317871">
        <ele>1551.55078125</ele>
      </trkpt>
      <trkpt lat="42.74580717086792" lon="24.656796455383301">
        <ele>1549.1796875</ele>
      </trkpt>
      <trkpt lat="42.74580717086792" lon="24.657268524169922">
        <ele>1548.328125</ele>
      </trkpt>
      <trkpt lat="42.745699882507324" lon="24.65782642364502">
        <ele>1546.33984375</ele>
      </trkpt>
      <trkpt lat="42.745485305786133" lon="24.658427238464355">
        <ele>1545.078125</ele>
      </trkpt>
      <trkpt lat="42.745270729064941" lon="24.658834934234619">
        <ele>1545</ele>
      </trkpt>
      <trkpt lat="42.745013236999512" lon="24.659006595611572">
        <ele>1546.08984375</ele>
      </trkpt>
      <trkpt lat="42.744691371917725" lon="24.65907096862793">
        <ele>1546.84375</ele>
      </trkpt>
      <trkpt lat="42.744433879852295" lon="24.659028053283691">
        <ele>1545.0859375</ele>
      </trkpt>
      <trkpt lat="42.744378726929426" lon="24.659033501520753">
        <ele>1545.1796875</ele>
      </trkpt>
      <trkpt lat="42.744219303131104" lon="24.659049510955811">
        <ele>1545.609375</ele>
      </trkpt>
      <trkpt lat="42.744112014770508" lon="24.659049510955811">
        <ele>1547.80859375</ele>
      </trkpt>
      <trkpt lat="42.744026184082031" lon="24.658942222595215">
        <ele>1546.4765625</ele>
      </trkpt>
      <trkpt lat="42.743768692016602" lon="24.658749103546143">
        <ele>1544.6484375</ele>
      </trkpt>
      <trkpt lat="42.743597030639648" lon="24.658706188201904">
        <ele>1543.80859375</ele>
      </trkpt>
      <trkpt lat="42.743425369262695" lon="24.658770561218262">
        <ele>1543.453125</ele>
      </trkpt>
      <trkpt lat="42.743253707885742" lon="24.658920764923096">
        <ele>1543.40625</ele>
      </trkpt>
      <trkpt lat="42.743017673492432" lon="24.659135341644287">
        <ele>1541.9375</ele>
      </trkpt>
      <trkpt lat="42.742846012115479" lon="24.659349918365479">
        <ele>1541.56640625</ele>
      </trkpt>
      <trkpt lat="42.742674350738525" lon="24.659585952758789">
        <ele>1540.453125</ele>
      </trkpt>
      <trkpt lat="42.742545604705811" lon="24.659779071807861">
        <ele>1538.78125</ele>
      </trkpt>
      <trkpt lat="42.742288112640381" lon="24.660015106201172">
        <ele>1538.328125</ele>
      </trkpt>
      <trkpt lat="42.742009162902832" lon="24.660208225250244">
        <ele>1539.6796875</ele>
      </trkpt>
      <trkpt lat="42.74181604385376" lon="24.660444259643555">
        <ele>1539.03125</ele>
      </trkpt>
      <trkpt lat="42.741622924804688" lon="24.660594463348389">
        <ele>1540.3125</ele>
      </trkpt>
      <trkpt lat="42.741365432739258" lon="24.660744667053223">
        <ele>1541.78125</ele>
      </trkpt>
      <trkpt lat="42.741000652313232" lon="24.660959243774414">
        <ele>1544.234375</ele>
      </trkpt>
      <trkpt lat="42.740657329559326" lon="24.661152362823486">
        <ele>1545.85546875</ele>
      </trkpt>
      <trkpt lat="42.74031400680542" lon="24.661409854888916">
        <ele>1547.59765625</ele>
      </trkpt>
      <trkpt lat="42.740035057067871" lon="24.661710262298584">
        <ele>1549.3046875</ele>
      </trkpt>
      <trkpt lat="42.739627361297607" lon="24.662032127380371">
        <ele>1550.3203125</ele>
      </trkpt>
      <trkpt lat="42.739412784576416" lon="24.662182331085205">
        <ele>1550.421875</ele>
      </trkpt>
      <trkpt lat="42.739026546478271" lon="24.66254711151123">
        <ele>1551.5703125</ele>
      </trkpt>
      <trkpt lat="42.738854885101318" lon="24.662783145904541">
        <ele>1550.1015625</ele>
      </trkpt>
      <trkpt lat="42.738661766052246" lon="24.662847518920898">
        <ele>1546.875</ele>
      </trkpt>
      <trkpt lat="42.738533020019531" lon="24.662954807281494">
        <ele>1543.703125</ele>
      </trkpt>
      <trkpt lat="42.738361358642578" lon="24.663147926330566">
        <ele>1540.63671875</ele>
      </trkpt>
      <trkpt lat="42.738232612609863" lon="24.663426876068115">
        <ele>1537.54296875</ele>
      </trkpt>
      <trkpt lat="42.738082408905029" lon="24.663577079772949">
        <ele>1533.61328125</ele>
      </trkpt>
      <trkpt lat="42.737846374511719" lon="24.663834571838379">
        <ele>1528.1953125</ele>
      </trkpt>
      <trkpt lat="42.737481594085693" lon="24.664027690887451">
        <ele>1522.58984375</ele>
      </trkpt>
      <trkpt lat="42.737331390380859" lon="24.664113521575928">
        <ele>1520.28125</ele>
      </trkpt>
      <trkpt lat="42.737159729003906" lon="24.664156436920166">
        <ele>1519.7734375</ele>
      </trkpt>
      <trkpt lat="42.736966609954834" lon="24.664199352264404">
        <ele>1519.703125</ele>
      </trkpt>
      <trkpt lat="42.736837863922119" lon="24.664177894592285">
        <ele>1519.703125</ele>
      </trkpt>
      <trkpt lat="42.736666202545166" lon="24.664134979248047">
        <ele>1519.6953125</ele>
      </trkpt>
      <trkpt lat="42.73655891418457" lon="24.664156436920166">
        <ele>1519.703125</ele>
      </trkpt>
      <trkpt lat="42.736430168151855" lon="24.664177894592285">
        <ele>1519.46484375</ele>
      </trkpt>
      <trkpt lat="42.736108303070068" lon="24.664199352264404">
        <ele>1516.41796875</ele>
      </trkpt>
      <trkpt lat="42.735958099365234" lon="24.664199352264404">
        <ele>1514.109375</ele>
      </trkpt>
      <trkpt lat="42.735722064971924" lon="24.664177894592285">
        <ele>1510.48046875</ele>
      </trkpt>
      <trkpt lat="42.735464572906494" lon="24.664134979248047">
        <ele>1507.77734375</ele>
      </trkpt>
      <trkpt lat="42.735207080841064" lon="24.66404914855957">
        <ele>1505.80078125</ele>
      </trkpt>
      <trkpt lat="42.734971046447754" lon="24.664006233215332">
        <ele>1504.76953125</ele>
      </trkpt>
      <trkpt lat="42.734799385070801" lon="24.664006233215332">
        <ele>1504.76953125</ele>
      </trkpt>
      <trkpt lat="42.734670639038086" lon="24.664006233215332">
        <ele>1505.7265625</ele>
      </trkpt>
      <trkpt lat="42.734541893005371" lon="24.664027690887451">
        <ele>1506.71875</ele>
      </trkpt>
      <trkpt lat="42.734413146972656" lon="24.664092063903809">
        <ele>1506.90234375</ele>
      </trkpt>
      <trkpt lat="42.734284400939941" lon="24.664156436920166">
        <ele>1506.8828125</ele>
      </trkpt>
      <trkpt lat="42.734155654907227" lon="24.664242267608643">
        <ele>1507.79296875</ele>
      </trkpt>
      <trkpt lat="42.734048366546631" lon="24.664263725280762">
        <ele>1509.0390625</ele>
      </trkpt>
      <trkpt lat="42.733941078186035" lon="24.664285182952881">
        <ele>1510.32421875</ele>
      </trkpt>
      <trkpt lat="42.733898162841797" lon="24.664349555969238">
        <ele>1511.15234375</ele>
      </trkpt>
      <trkpt lat="42.733941078186035" lon="24.66404914855957">
        <ele>1508.51171875</ele>
      </trkpt>
      <trkpt lat="42.733983993530273" lon="24.663705825805664">
        <ele>1506.90234375</ele>
      </trkpt>
      <trkpt lat="42.734026908874512" lon="24.663383960723877">
        <ele>1505.3671875</ele>
      </trkpt>
      <trkpt lat="42.734026908874512" lon="24.663083553314209">
        <ele>1503.05859375</ele>
      </trkpt>
      <trkpt lat="42.734048366546631" lon="24.662740230560303">
        <ele>1502.5546875</ele>
      </trkpt>
      <trkpt lat="42.734048366546631" lon="24.662418365478516">
        <ele>1500.50390625</ele>
      </trkpt>
      <trkpt lat="42.734048366546631" lon="24.662246704101563">
        <ele>1500.50390625</ele>
      </trkpt>
      <trkpt lat="42.733983993530273" lon="24.662032127380371">
        <ele>1498.0859375</ele>
      </trkpt>
      <trkpt lat="42.733898162841797" lon="24.661753177642822">
        <ele>1494.47265625</ele>
      </trkpt>
      <trkpt lat="42.733790874481201" lon="24.661474227905273">
        <ele>1490.2265625</ele>
      </trkpt>
      <trkpt lat="42.733705043792725" lon="24.661238193511963">
        <ele>1486.828125</ele>
      </trkpt>
      <trkpt lat="42.733683586120605" lon="24.660894870758057">
        <ele>1482.63671875</ele>
      </trkpt>
      <trkpt lat="42.733705043792725" lon="24.66057300567627">
        <ele>1479.49609375</ele>
      </trkpt>
      <trkpt lat="42.733705043792725" lon="24.660294055938721">
        <ele>1479.16796875</ele>
      </trkpt>
      <trkpt lat="42.733705043792725" lon="24.660036563873291">
        <ele>1479.046875</ele>
      </trkpt>
      <trkpt lat="42.733683586120605" lon="24.659886360168457">
        <ele>1478.47265625</ele>
      </trkpt>
      <trkpt lat="42.733705043792725" lon="24.659693241119385">
        <ele>1477.0078125</ele>
      </trkpt>
      <trkpt lat="42.733726501464844" lon="24.659521579742432">
        <ele>1475.88671875</ele>
      </trkpt>
      <trkpt lat="42.733726501464844" lon="24.659414291381836">
        <ele>1475.17578125</ele>
      </trkpt>
      <trkpt lat="42.733747959136963" lon="24.659285545349121">
        <ele>1474.3515625</ele>
      </trkpt>
      <trkpt lat="42.733790874481201" lon="24.659092426300049">
        <ele>1473.19921875</ele>
      </trkpt>
      <trkpt lat="42.733919620513916" lon="24.658985137939453">
        <ele>1473.36328125</ele>
      </trkpt>
      <trkpt lat="42.733726501464844" lon="24.658942222595215">
        <ele>1471.55078125</ele>
      </trkpt>
      <trkpt lat="42.733597755432129" lon="24.659028053283691">
        <ele>1469.484375</ele>
      </trkpt>
      <trkpt lat="42.733361721038818" lon="24.659049510955811">
        <ele>1462.36328125</ele>
      </trkpt>
      <trkpt lat="42.733125686645508" lon="24.658985137939453">
        <ele>1452.23046875</ele>
      </trkpt>
      <trkpt lat="42.732975482940674" lon="24.658920764923096">
        <ele>1446.41796875</ele>
      </trkpt>
      <trkpt lat="42.732911193743348" lon="24.658784978091717">
        <ele>1442.55078125</ele>
      </trkpt>
      <trkpt lat="42.732782363891602" lon="24.658513069152832">
        <ele>1436.08984375</ele>
      </trkpt>
      <trkpt lat="42.732653617858887" lon="24.65806245803833">
        <ele>1434.421875</ele>
      </trkpt>
      <trkpt lat="42.732396125793457" lon="24.657590389251709">
        <ele>1431.39453125</ele>
      </trkpt>
      <trkpt lat="42.732095718383789" lon="24.657633304595947">
        <ele>1421.5</ele>
      </trkpt>
      <trkpt lat="42.731795310974121" lon="24.657762050628662">
        <ele>1408.36328125</ele>
      </trkpt>
      <trkpt lat="42.731430530548096" lon="24.6578049659729">
        <ele>1394.625</ele>
      </trkpt>
      <trkpt lat="42.730722427368164" lon="24.657461643218994">
        <ele>1379.0546875</ele>
      </trkpt>
      <trkpt lat="42.730464935302734" lon="24.657225608825684">
        <ele>1372.0859375</ele>
      </trkpt>
      <trkpt lat="42.730293273925781" lon="24.656860828399658">
        <ele>1365.33984375</ele>
      </trkpt>
      <trkpt lat="42.730207443237305" lon="24.656302928924561">
        <ele>1365.4921875</ele>
      </trkpt>
      <trkpt lat="42.729992866516113" lon="24.655787944793701">
        <ele>1350.90625</ele>
      </trkpt>
      <trkpt lat="42.729713916778564" lon="24.655444622039795">
        <ele>1346.08984375</ele>
      </trkpt>
      <trkpt lat="42.729306221008301" lon="24.655165672302246">
        <ele>1338.36328125</ele>
      </trkpt>
      <trkpt lat="42.729027271270752" lon="24.654929637908936">
        <ele>1332.546875</ele>
      </trkpt>
      <trkpt lat="42.728769779205322" lon="24.654951095581055">
        <ele>1328.3828125</ele>
      </trkpt>
      <trkpt lat="42.728297710418701" lon="24.654886722564697">
        <ele>1320.41796875</ele>
      </trkpt>
      <trkpt lat="42.727975845336914" lon="24.654736518859863">
        <ele>1317.94140625</ele>
      </trkpt>
      <trkpt lat="42.727546691894531" lon="24.654586315155029">
        <ele>1309.41015625</ele>
      </trkpt>
      <trkpt lat="42.727181911468506" lon="24.654629230499268">
        <ele>1301.7578125</ele>
      </trkpt>
      <trkpt lat="42.726774215698242" lon="24.654693603515625">
        <ele>1290.25390625</ele>
      </trkpt>
      <trkpt lat="42.726452350616455" lon="24.654757976531982">
        <ele>1277.2421875</ele>
      </trkpt>
      <trkpt lat="42.726259231567383" lon="24.655015468597412">
        <ele>1275.46875</ele>
      </trkpt>
      <trkpt lat="42.726109027862549" lon="24.655122756958008">
        <ele>1269.78515625</ele>
      </trkpt>
      <trkpt lat="42.726044654846191" lon="24.655101299285889">
        <ele>1265.8203125</ele>
      </trkpt>
      <trkpt lat="42.726036440581083" lon="24.65506567619741">
        <ele>1264.95703125</ele>
      </trkpt>
      <trkpt lat="42.725980281829834" lon="24.65482234954834">
        <ele>1259.171875</ele>
      </trkpt>
      <trkpt lat="42.725958824157715" lon="24.654457569122314">
        <ele>1251.3515625</ele>
      </trkpt>
      <trkpt lat="42.725958824157715" lon="24.654028415679932">
        <ele>1242.19921875</ele>
      </trkpt>
      <trkpt lat="42.725958824157715" lon="24.653642177581787">
        <ele>1235.76171875</ele>
      </trkpt>
      <trkpt lat="42.725851535797119" lon="24.653513431549072">
        <ele>1230.19140625</ele>
      </trkpt>
      <trkpt lat="42.725701332092285" lon="24.653234481811523">
        <ele>1219.59375</ele>
      </trkpt>
      <trkpt lat="42.725679874420166" lon="24.652740955352783">
        <ele>1210.7734375</ele>
      </trkpt>
      <trkpt lat="42.725851535797119" lon="24.652419090270996">
        <ele>1206.55078125</ele>
      </trkpt>
      <trkpt lat="42.726023197174072" lon="24.652161598205566">
        <ele>1200.20703125</ele>
      </trkpt>
      <trkpt lat="42.725958824157715" lon="24.652054309844971">
        <ele>1198.984375</ele>
      </trkpt>
      <trkpt lat="42.725701332092285" lon="24.652032852172852">
        <ele>1201.80859375</ele>
      </trkpt>
      <trkpt lat="42.725358009338379" lon="24.652140140533447">
        <ele>1201.8125</ele>
      </trkpt>
      <trkpt lat="42.725121974945068" lon="24.652268886566162">
        <ele>1200</ele>
      </trkpt>
      <trkpt lat="42.724564075469971" lon="24.652805328369141">
        <ele>1188.10546875</ele>
      </trkpt>
      <trkpt lat="42.724413871765137" lon="24.653341770172119">
        <ele>1184.2421875</ele>
      </trkpt>
      <trkpt lat="42.724220752716064" lon="24.653663635253906">
        <ele>1176.984375</ele>
      </trkpt>
      <trkpt lat="42.724006175994873" lon="24.653921127319336">
        <ele>1168.41015625</ele>
      </trkpt>
      <trkpt lat="42.723813056945801" lon="24.653921127319336">
        <ele>1161.5078125</ele>
      </trkpt>
      <trkpt lat="42.723662853240967" lon="24.653856754302979">
        <ele>1156.1328125</ele>
      </trkpt>
      <trkpt lat="42.723469734191895" lon="24.653835296630859">
        <ele>1150.1953125</ele>
      </trkpt>
      <trkpt lat="42.723362445831299" lon="24.654006958007813">
        <ele>1146.703125</ele>
      </trkpt>
      <trkpt lat="42.723276615142822" lon="24.654264450073242">
        <ele>1142.7421875</ele>
      </trkpt>
      <trkpt lat="42.72308349609375" lon="24.654436111450195">
        <ele>1136.0234375</ele>
      </trkpt>
      <trkpt lat="42.722954750061035" lon="24.654672145843506">
        <ele>1130.8984375</ele>
      </trkpt>
      <trkpt lat="42.722547054290771" lon="24.654994010925293">
        <ele>1121.859375</ele>
      </trkpt>
      <trkpt lat="42.722053527832031" lon="24.655122756958008">
        <ele>1112.515625</ele>
      </trkpt>
      <trkpt lat="42.721796035766602" lon="24.655144214630127">
        <ele>1110.43359375</ele>
      </trkpt>
      <trkpt lat="42.721753120422363" lon="24.65505838394165">
        <ele>1110.10546875</ele>
      </trkpt>
      <trkpt lat="42.721796035766602" lon="24.654908180236816">
        <ele>1109.359375</ele>
      </trkpt>
      <trkpt lat="42.721924781799316" lon="24.654757976531982">
        <ele>1108.0390625</ele>
      </trkpt>
      <trkpt lat="42.72207498550415" lon="24.654436111450195">
        <ele>1105.375</ele>
      </trkpt>
      <trkpt lat="42.72207498550415" lon="24.654221534729004">
        <ele>1102.09375</ele>
      </trkpt>
      <trkpt lat="42.721924781799316" lon="24.654135704040527">
        <ele>1096.4453125</ele>
      </trkpt>
      <trkpt lat="42.721688747406006" lon="24.654242992401123">
        <ele>1090.87109375</ele>
      </trkpt>
      <trkpt lat="42.721409797668457" lon="24.654285907745361">
        <ele>1085.49609375</ele>
      </trkpt>
      <trkpt lat="42.721216678619385" lon="24.654049873352051">
        <ele>1075.875</ele>
      </trkpt>
      <trkpt lat="42.721023559570313" lon="24.653642177581787">
        <ele>1070.1953125</ele>
      </trkpt>
      <trkpt lat="42.720658779144287" lon="24.653191566467285">
        <ele>1053.49609375</ele>
      </trkpt>
      <trkpt lat="42.720186710357666" lon="24.652676582336426">
        <ele>1035.51171875</ele>
      </trkpt>
      <trkpt lat="42.71984338760376" lon="24.652225971221924">
        <ele>1024.578125</ele>
      </trkpt>
      <trkpt lat="42.719607353210449" lon="24.651625156402588">
        <ele>1015.796875</ele>
      </trkpt>
      <trkpt lat="42.71934986114502" lon="24.651088714599609">
        <ele>1010.359375</ele>
      </trkpt>
      <trkpt lat="42.719202088192105" lon="24.65068755671382">
        <ele>1003.80078125</ele>
      </trkpt>
      <trkpt lat="42.718985080718994" lon="24.650359153747559">
        <ele>995.0390625</ele>
      </trkpt>
      <trkpt lat="42.71883487701416" lon="24.65008020401001">
        <ele>990.44921875</ele>
      </trkpt>
      <trkpt lat="42.71883487701416" lon="24.649715423583984">
        <ele>990.55078125</ele>
      </trkpt>
      <trkpt lat="42.718963623046875" lon="24.648964405059814">
        <ele>981.2109375</ele>
      </trkpt>
      <trkpt lat="42.719178199768066" lon="24.648385047912598">
        <ele>974.8828125</ele>
      </trkpt>
      <trkpt lat="42.719564437866211" lon="24.647548198699951">
        <ele>964.359375</ele>
      </trkpt>
      <trkpt lat="42.719693183898926" lon="24.647397994995117">
        <ele>960.9375</ele>
      </trkpt>
      <trkpt lat="42.720015048980713" lon="24.647247791290283">
        <ele>960.359375</ele>
      </trkpt>
      <trkpt lat="42.720358371734619" lon="24.6468186378479">
        <ele>951.83984375</ele>
      </trkpt>
      <trkpt lat="42.72059440612793" lon="24.646346569061279">
        <ele>940.32421875</ele>
      </trkpt>
      <trkpt lat="42.720637321472168" lon="24.646153450012207">
        <ele>935.703125</ele>
      </trkpt>
      <trkpt lat="42.720487117767334" lon="24.64606761932373">
        <ele>928.54296875</ele>
      </trkpt>
      <trkpt lat="42.720088474452496" lon="24.646183960139751">
        <ele>916.9453125</ele>
      </trkpt>
      <trkpt lat="42.719972133636475" lon="24.646217823028564">
        <ele>914.86328125</ele>
      </trkpt>
      <trkpt lat="42.719779014587402" lon="24.646410942077637">
        <ele>917.88671875</ele>
      </trkpt>
      <trkpt lat="42.719500064849854" lon="24.646496772766113">
        <ele>915.65625</ele>
      </trkpt>
      <trkpt lat="42.719242572784424" lon="24.646410942077637">
        <ele>908.1796875</ele>
      </trkpt>
      <trkpt lat="42.718985080718994" lon="24.64632511138916">
        <ele>902.28515625</ele>
      </trkpt>
      <trkpt lat="42.718749046325684" lon="24.646410942077637">
        <ele>903.32421875</ele>
      </trkpt>
      <trkpt lat="42.718384265899658" lon="24.646518230438232">
        <ele>896.9921875</ele>
      </trkpt>
      <trkpt lat="42.71759033203125" lon="24.646604061126709">
        <ele>878.57421875</ele>
      </trkpt>
      <trkpt lat="42.717247009277344" lon="24.646539688110352">
        <ele>871.9453125</ele>
      </trkpt>
      <trkpt lat="42.717032432556152" lon="24.646453857421875">
        <ele>866.33984375</ele>
      </trkpt>
      <trkpt lat="42.716925144195557" lon="24.646368026733398">
        <ele>862.37890625</ele>
      </trkpt>
      <trkpt lat="42.71660327911377" lon="24.64606761932373">
        <ele>848.07421875</ele>
      </trkpt>
      <trkpt lat="42.716431617736816" lon="24.645767211914063">
        <ele>839.46484375</ele>
      </trkpt>
      <trkpt lat="42.716259956359863" lon="24.645488262176514">
        <ele>828.40625</ele>
      </trkpt>
      <trkpt lat="42.716023921966553" lon="24.645466804504395">
        <ele>818.52734375</ele>
      </trkpt>
      <trkpt lat="42.715981006622314" lon="24.645509719848633">
        <ele>817.0390625</ele>
      </trkpt>
      <trkpt lat="42.715916633605957" lon="24.645638465881348">
        <ele>815.09765625</ele>
      </trkpt>
      <trkpt lat="42.715878244489431" lon="24.64581741951406">
        <ele>814.09765625</ele>
      </trkpt>
      <trkpt lat="42.7158522605896" lon="24.645938873291016">
        <ele>811.7890625</ele>
      </trkpt>
      <trkpt lat="42.715616226196289" lon="24.646518230438232">
        <ele>799.48828125</ele>
      </trkpt>
      <trkpt lat="42.715208530426025" lon="24.647011756896973">
        <ele>780.796875</ele>
      </trkpt>
      <trkpt lat="42.715058326721191" lon="24.647204875946045">
        <ele>772.6328125</ele>
      </trkpt>
      <trkpt lat="42.715015411376953" lon="24.647204875946045">
        <ele>770.65625</ele>
      </trkpt>
      <trkpt lat="42.714993953704834" lon="24.646947383880615">
        <ele>769.015625</ele>
      </trkpt>
      <trkpt lat="42.714951038360596" lon="24.646797180175781">
        <ele>766.65625</ele>
      </trkpt>
      <trkpt lat="42.71484375" lon="24.646797180175781">
        <ele>760.88671875</ele>
      </trkpt>
      <trkpt lat="42.714715003967285" lon="24.647033214569092">
        <ele>755.65234375</ele>
      </trkpt>
      <trkpt lat="42.714478969573975" lon="24.647140502929688">
        <ele>744.58203125</ele>
      </trkpt>
      <trkpt lat="42.714307308197021" lon="24.647247791290283">
        <ele>738.04296875</ele>
      </trkpt>
      <trkpt lat="42.714071273803711" lon="24.647526741027832">
        <ele>729.37109375</ele>
      </trkpt>
      <trkpt lat="42.713899612426758" lon="24.647741317749023">
        <ele>721.9140625</ele>
      </trkpt>
      <trkpt lat="42.713513374328613" lon="24.647912979125977">
        <ele>708.24609375</ele>
      </trkpt>
      <trkpt lat="42.713191509246826" lon="24.647870063781738">
        <ele>697.99609375</ele>
      </trkpt>
      <trkpt lat="42.712891101837158" lon="24.647548198699951">
        <ele>689.44921875</ele>
      </trkpt>
      <trkpt lat="42.712805271148682" lon="24.647312164306641">
        <ele>684.7265625</ele>
      </trkpt>
      <trkpt lat="42.712697982788086" lon="24.647226333618164">
        <ele>680.85546875</ele>
      </trkpt>
      <trkpt lat="42.712655067443848" lon="24.647140502929688">
        <ele>678.5703125</ele>
      </trkpt>
      <trkpt lat="42.71259069442749" lon="24.647054672241211">
        <ele>675.6640625</ele>
      </trkpt>
      <trkpt lat="42.712547779083252" lon="24.646732807159424">
        <ele>671.50390625</ele>
      </trkpt>
      <trkpt lat="42.712461948394775" lon="24.646389484405518">
        <ele>668.6484375</ele>
      </trkpt>
      <trkpt lat="42.712461948394775" lon="24.646131992340088">
        <ele>667.7578125</ele>
      </trkpt>
      <trkpt lat="42.712461948394775" lon="24.645874500274658">
        <ele>665.0078125</ele>
      </trkpt>
      <trkpt lat="42.712419033050537" lon="24.645509719848633">
        <ele>661.7265625</ele>
      </trkpt>
      <trkpt lat="42.712397575378418" lon="24.645144939422607">
        <ele>658.28125</ele>
      </trkpt>
      <trkpt lat="42.712397575378418" lon="24.644865989685059">
        <ele>656.98046875</ele>
      </trkpt>
      <trkpt lat="42.712440490722656" lon="24.644651412963867">
        <ele>655.5703125</ele>
      </trkpt>
      <trkpt lat="42.712480053305626" lon="24.644585447385907">
        <ele>655.1640625</ele>
      </trkpt>
      <trkpt lat="42.712480053305626" lon="24.644585447385907">
        <ele>655.1640625</ele>
      </trkpt>
      <trkpt lat="42.712569236755371" lon="24.644436836242676">
        <ele>654.25</ele>
      </trkpt>
      <trkpt lat="42.712655067443848" lon="24.644286632537842">
        <ele>653.2578125</ele>
      </trkpt>
      <trkpt lat="42.712762355804443" lon="24.644007682800293">
        <ele>651.72265625</ele>
      </trkpt>
      <trkpt lat="42.712783813476563" lon="24.643771648406982">
        <ele>650.23828125</ele>
      </trkpt>
      <trkpt lat="42.712805271148682" lon="24.643514156341553">
        <ele>649.0859375</ele>
      </trkpt>
      <trkpt lat="42.712783813476563" lon="24.6433424949646">
        <ele>648.32421875</ele>
      </trkpt>
      <trkpt lat="42.712762355804443" lon="24.643063545227051">
        <ele>646.53515625</ele>
      </trkpt>
      <trkpt lat="42.712783813476563" lon="24.642741680145264">
        <ele>644.45703125</ele>
      </trkpt>
      <trkpt lat="42.712826728820801" lon="24.642462730407715">
        <ele>643.171875</ele>
      </trkpt>
      <trkpt lat="42.712869644165039" lon="24.642205238342285">
        <ele>643.80859375</ele>
      </trkpt>
      <trkpt lat="42.712934017181396" lon="24.642162322998047">
        <ele>644.7109375</ele>
      </trkpt>
      <trkpt lat="42.712998390197754" lon="24.642097949981689">
        <ele>645.37890625</ele>
      </trkpt>
      <trkpt lat="42.71308422088623" lon="24.641819000244141">
        <ele>647.125</ele>
      </trkpt>
      <trkpt lat="42.713127136230469" lon="24.64158296585083">
        <ele>650.546875</ele>
      </trkpt>
      <trkpt lat="42.713148593902588" lon="24.641540050506592">
        <ele>651.01171875</ele>
      </trkpt>
      <trkpt lat="42.712955474853516" lon="24.640531539916992">
        <ele>647.09765625</ele>
      </trkpt>
      <trkpt lat="42.712912559509277" lon="24.640316963195801">
        <ele>643.140625</ele>
      </trkpt>
      <trkpt lat="42.712719440460205" lon="24.640123844146729">
        <ele>639.39453125</ele>
      </trkpt>
      <trkpt lat="42.71259069442749" lon="24.639930725097656">
        <ele>636.9296875</ele>
      </trkpt>
      <trkpt lat="42.712440490722656" lon="24.639608860015869">
        <ele>632.578125</ele>
      </trkpt>
      <trkpt lat="42.712311744689941" lon="24.639222621917725">
        <ele>629.3359375</ele>
      </trkpt>
      <trkpt lat="42.712290287017822" lon="24.638857841491699">
        <ele>628.5</ele>
      </trkpt>
      <trkpt lat="42.712376117706299" lon="24.638471603393555">
        <ele>626.19140625</ele>
      </trkpt>
      <trkpt lat="42.712547779083252" lon="24.638257026672363">
        <ele>625.3671875</ele>
      </trkpt>
      <trkpt lat="42.712633609771729" lon="24.638063907623291">
        <ele>623.421875</ele>
      </trkpt>
      <trkpt lat="42.712719440460205" lon="24.637913703918457">
        <ele>620.91015625</ele>
      </trkpt>
      <trkpt lat="42.712676525115967" lon="24.637763500213623">
        <ele>615.9296875</ele>
      </trkpt>
      <trkpt lat="42.712655067443848" lon="24.637613296508789">
        <ele>615.43359375</ele>
      </trkpt>
      <trkpt lat="42.712655067443848" lon="24.637484550476074">
        <ele>615.42578125</ele>
      </trkpt>
      <trkpt lat="42.712655067443848" lon="24.637312889099121">
        <ele>615.1015625</ele>
      </trkpt>
      <trkpt lat="42.712633609771729" lon="24.63709831237793">
        <ele>613.56640625</ele>
      </trkpt>
      <trkpt lat="42.712612152099609" lon="24.636905193328857">
        <ele>611.484375</ele>
      </trkpt>
      <trkpt lat="42.712526321411133" lon="24.636754989624023">
        <ele>608.3515625</ele>
      </trkpt>
      <trkpt lat="42.712461948394775" lon="24.636626243591309">
        <ele>606.26953125</ele>
      </trkpt>
      <trkpt lat="42.712419033050537" lon="24.636476039886475">
        <ele>604.78515625</ele>
      </trkpt>
      <trkpt lat="42.712419033050537" lon="24.636304378509521">
        <ele>604.03125</ele>
      </trkpt>
      <trkpt lat="42.712419033050537" lon="24.636175632476807">
        <ele>604.03125</ele>
      </trkpt>
      <trkpt lat="42.712483406066895" lon="24.636068344116211">
        <ele>604.43359375</ele>
      </trkpt>
      <trkpt lat="42.712526321411133" lon="24.635961055755615">
        <ele>604.625</ele>
      </trkpt>
      <trkpt lat="42.712547779083252" lon="24.635810852050781">
        <ele>604.72265625</ele>
      </trkpt>
      <trkpt lat="42.712547779083252" lon="24.635660648345947">
        <ele>604.72265625</ele>
      </trkpt>
      <trkpt lat="42.712504863739014" lon="24.635467529296875">
        <ele>604.23828125</ele>
      </trkpt>
      <trkpt lat="42.712440490722656" lon="24.635317325592041">
        <ele>603.99609375</ele>
      </trkpt>
      <trkpt lat="42.712311744689941" lon="24.635317325592041">
        <ele>602.83203125</ele>
      </trkpt>
      <trkpt lat="42.712118625640869" lon="24.635295867919922">
        <ele>601.5078125</ele>
      </trkpt>
      <trkpt lat="42.711968421936035" lon="24.635231494903564">
        <ele>600.1484375</ele>
      </trkpt>
      <trkpt lat="42.711668014526367" lon="24.63510274887085">
        <ele>597.39453125</ele>
      </trkpt>
      <trkpt lat="42.710788249969482" lon="24.634780883789063">
        <ele>588.98828125</ele>
      </trkpt>
      <trkpt lat="42.71059513092041" lon="24.634673595428467">
        <ele>587.28125</ele>
      </trkpt>
      <trkpt lat="42.710509300231934" lon="24.634630680084229">
        <ele>587.359375</ele>
      </trkpt>
      <trkpt lat="42.710380554199219" lon="24.634566307067871">
        <ele>587.09375</ele>
      </trkpt>
      <trkpt lat="42.710230350494385" lon="24.634523391723633">
        <ele>585.9921875</ele>
      </trkpt>
      <trkpt lat="42.710105795413256" lon="24.634505622088909">
        <ele>585.03515625</ele>
      </trkpt>
      <trkpt lat="42.709243297576904" lon="24.634201526641846">
        <ele>578.40625</ele>
      </trkpt>
      <trkpt lat="42.708063125610352" lon="24.633772373199463">
        <ele>569.3359375</ele>
      </trkpt>
      <trkpt lat="42.706367969512939" lon="24.633128643035889">
        <ele>558.44140625</ele>
      </trkpt>
      <trkpt lat="42.706260681152344" lon="24.63308572769165">
        <ele>557.6171875</ele>
      </trkpt>
      <trkpt lat="42.706046104431152" lon="24.633042812347412">
        <ele>555.96484375</ele>
      </trkpt>
      <trkpt lat="42.705874443054199" lon="24.633064270019531">
        <ele>554.78515625</ele>
      </trkpt>
      <trkpt lat="42.705574035644531" lon="24.63308572769165">
        <ele>553.12109375</ele>
      </trkpt>
      <trkpt lat="42.704930305480957" lon="24.633150100708008">
        <ele>549.5234375</ele>
      </trkpt>
      <trkpt lat="42.703943252563477" lon="24.632828235626221">
        <ele>542.3828125</ele>
      </trkpt>
      <trkpt lat="42.703707218170166" lon="24.632742404937744">
        <ele>541.92578125</ele>
      </trkpt>
      <trkpt lat="42.70359992980957" lon="24.632720947265625">
        <ele>541.1328125</ele>
      </trkpt>
      <trkpt lat="42.703492641448975" lon="24.632742404937744">
        <ele>540.3046875</ele>
      </trkpt>
      <trkpt lat="42.703342437744141" lon="24.632828235626221">
        <ele>539.85546875</ele>
      </trkpt>
      <trkpt lat="42.702977657318115" lon="24.633128643035889">
        <ele>538.78515625</ele>
      </trkpt>
      <trkpt lat="42.702805995941162" lon="24.633257389068604">
        <ele>537.5859375</ele>
      </trkpt>
      <trkpt lat="42.702720165252686" lon="24.633300304412842">
        <ele>536.90625</ele>
      </trkpt>
      <trkpt lat="42.702441215515137" lon="24.63334321975708">
        <ele>535.89453125</ele>
      </trkpt>
      <trkpt lat="42.702076435089111" lon="24.633407592773438">
        <ele>534.54296875</ele>
      </trkpt>
      <trkpt lat="42.701561450958252" lon="24.633493423461914">
        <ele>532.171875</ele>
      </trkpt>
      <trkpt lat="42.701346874237061" lon="24.633450508117676">
        <ele>530.9921875</ele>
      </trkpt>
      <trkpt lat="42.701153755187988" lon="24.633429050445557">
        <ele>530.08203125</ele>
      </trkpt>
      <trkpt lat="42.70085334777832" lon="24.633364677429199">
        <ele>528.859375</ele>
      </trkpt>
      <trkpt lat="42.700703144073486" lon="24.633321762084961">
        <ele>527.70703125</ele>
      </trkpt>
      <trkpt lat="42.700657127425075" lon="24.633459812030196">
        <ele>527.3515625</ele>
      </trkpt>
      <trkpt lat="42.700746059417725" lon="24.633514881134033">
        <ele>528.03515625</ele>
      </trkpt>
    </trkseg>
  </trk>

</gpx>